WP_001355482.1,WP_099737925.1,51.148,305,146,3,23,326,16,318,3.33e-103,310,71.80
WP_001355482.1,WP_122974749.1,50.164,305,149,3,23,326,16,318,1.32e-101,306,71.15
WP_001355482.1,WP_148729658.1,49.836,305,150,3,23,326,16,318,5.51e-101,304,71.15
WP_001355482.1,WP_083927412.1,51.536,293,139,3,36,327,1,291,1.08e-100,302,72.35
WP_001355482.1,WP_211456619.1,51.943,283,134,2,45,326,37,318,7.07e-99,299,71.38
WP_001355482.1,WP_191818715.1,48.505,301,152,2,23,321,13,312,1.81e-97,295,71.43
WP_001355482.1,WP_008904607.1,48.208,307,156,2,23,327,21,326,1.81e-96,293,68.73
WP_001355482.1,WP_182119329.1,48.208,307,156,2,23,327,21,326,1.87e-96,293,68.73
WP_001355482.1,WP_027016274.1,48.387,310,156,4,18,326,9,315,2.66e-96,292,70.00
WP_001355482.1,WP_184276546.1,47.883,307,157,2,23,327,21,326,7.62e-96,291,69.38
WP_001355482.1,WP_184855340.1,46.580,307,161,2,23,327,18,323,1.47e-95,290,69.38
WP_001355482.1,WP_019431068.1,46.906,307,160,2,23,327,13,318,2.64e-95,290,68.73
WP_001355482.1,WP_175502348.1,47.231,307,159,2,23,327,21,326,2.75e-95,290,69.38
WP_001355482.1,WP_046741959.1,48.525,305,154,3,24,327,17,319,3.66e-95,289,71.48
WP_001355482.1,WP_116748419.1,47.883,307,157,2,23,327,21,326,3.77e-95,289,68.40
WP_001355482.1,WP_108626139.1,47.231,307,159,2,23,327,21,326,4.95e-95,289,68.08
WP_001355482.1,WP_180318430.1,46.815,314,164,2,16,327,14,326,5.17e-95,289,66.88
WP_001355482.1,WP_046742766.1,48.208,307,156,2,23,327,22,327,6.15e-95,289,67.10
WP_001355482.1,WP_057271231.1,47.231,307,159,2,23,327,21,326,7.32e-95,289,69.38
WP_001355482.1,WP_060986816.1,47.557,307,158,2,23,327,21,326,7.73e-95,288,68.08
WP_001355482.1,WP_056056797.1,47.557,307,158,2,23,327,21,326,9.19e-95,288,68.40
WP_001355482.1,WP_137745973.1,47.231,307,159,2,23,327,21,326,1.29e-94,288,68.40
WP_001355482.1,WP_056742612.1,47.557,307,158,2,23,327,21,326,1.37e-94,288,68.08
WP_001355482.1,WP_192368514.1,46.497,314,165,2,16,327,14,326,1.62e-94,288,66.88
WP_001355482.1,WP_044396163.1,47.231,307,159,2,23,327,21,326,1.69e-94,288,68.40
WP_001355482.1,WP_105747180.1,45.511,323,168,3,7,327,6,322,1.79e-94,288,66.25
WP_001355482.1,WP_056642111.1,46.906,307,160,2,23,327,21,326,1.80e-94,288,67.75
WP_001355482.1,WP_121941454.1,47.557,307,158,2,23,327,21,326,1.95e-94,288,68.40
WP_001355482.1,WP_010464880.1,47.231,307,159,2,23,327,21,326,1.97e-94,288,69.06
WP_001355482.1,WP_110960670.1,47.231,307,159,2,23,327,21,326,2.17e-94,287,68.08
WP_001355482.1,WP_198846972.1,47.231,307,159,2,23,327,21,326,2.22e-94,287,68.40
WP_001355482.1,WP_108499541.1,47.557,307,158,2,23,327,21,326,2.39e-94,287,68.08
WP_001355482.1,WP_209816730.1,47.231,307,159,2,23,327,21,326,2.45e-94,287,68.08
WP_001355482.1,WP_123694784.1,46.497,314,165,2,16,327,14,326,2.55e-94,287,67.20
WP_001355482.1,WP_055401243.1,47.557,307,158,2,23,327,21,326,2.55e-94,287,68.08
WP_001355482.1,WP_121421701.1,47.557,307,158,2,23,327,21,326,2.58e-94,287,67.75
WP_001355482.1,WP_066538347.1,47.678,323,160,3,7,327,13,328,2.94e-94,287,68.11
WP_001355482.1,WP_015016404.1,46.906,307,160,2,23,327,21,326,2.94e-94,287,68.40
WP_001355482.1,WP_013804807.1,46.497,314,165,2,16,327,14,326,3.11e-94,287,66.88
WP_001355482.1,WP_108362364.1,47.195,303,157,2,23,323,13,314,3.33e-94,286,68.65
WP_001355482.1,WP_142082836.1,47.231,307,159,2,23,327,21,326,3.78e-94,287,68.40
WP_001355482.1,WP_121508087.1,47.557,307,158,2,23,327,21,326,3.86e-94,287,67.75
WP_001355482.1,WP_176887617.1,47.231,307,159,2,23,327,21,326,3.86e-94,287,68.08
WP_001355482.1,WP_034397490.1,46.497,314,165,2,16,327,14,326,4.17e-94,287,66.56
WP_001355482.1,WP_183018750.1,46.497,314,165,2,16,327,14,326,4.26e-94,287,66.88
WP_001355482.1,WP_194943082.1,47.231,307,159,2,23,327,13,318,4.52e-94,286,67.43
WP_001355482.1,WP_199220078.1,47.231,307,159,2,23,327,13,318,4.61e-94,286,67.75
WP_001355482.1,WP_063461445.1,46.906,307,160,2,23,327,21,326,5.29e-94,286,68.40
WP_001355482.1,WP_186457724.1,45.928,307,163,2,23,327,18,323,6.31e-94,286,69.06
WP_001355482.1,WP_207374386.1,46.906,307,160,2,23,327,21,326,6.65e-94,286,68.40
WP_001355482.1,WP_199225006.1,47.855,303,155,2,23,323,13,314,6.75e-94,286,67.99
WP_001355482.1,WP_104301363.1,47.267,311,161,2,19,327,15,324,7.84e-94,286,66.24
WP_001355482.1,WP_082027336.1,45.513,312,167,2,18,327,34,344,8.42e-94,286,68.27
WP_001355482.1,WP_012207848.1,46.497,314,165,2,16,327,14,326,1.16e-93,286,66.24
WP_001355482.1,WP_045532307.1,46.154,312,165,2,18,327,28,338,1.57e-93,286,68.27
WP_001355482.1,WP_124509734.1,46.580,307,161,2,23,327,21,326,1.64e-93,285,68.40
WP_001355482.1,WP_088166396.1,46.178,314,166,2,16,327,14,326,1.68e-93,285,66.24
WP_001355482.1,WP_162017899.1,46.906,307,160,2,23,327,21,326,1.93e-93,285,68.08
WP_001355482.1,WP_100408617.1,47.231,307,159,2,23,327,21,326,2.30e-93,285,68.73
WP_001355482.1,WP_007856742.1,45.603,307,164,2,23,327,18,323,2.68e-93,285,68.73
WP_001355482.1,WP_089961488.1,46.535,303,159,2,23,323,13,314,2.87e-93,284,68.98
WP_001355482.1,WP_026039506.1,46.535,303,159,2,23,323,13,314,3.89e-93,284,68.65
WP_001355482.1,WP_094289861.1,46.254,307,162,2,23,327,21,326,4.04e-93,284,68.40
WP_001355482.1,WP_182285066.1,47.500,320,164,3,11,327,8,326,4.66e-93,284,65.94
WP_001355482.1,WP_105728757.1,45.201,323,169,3,7,327,6,322,5.09e-93,284,65.63
WP_001355482.1,WP_003066843.1,47.500,320,164,3,11,327,8,326,5.85e-93,284,65.94
WP_001355482.1,WP_057266948.1,45.277,307,165,2,23,327,21,326,6.52e-93,284,69.06
WP_001355482.1,WP_108377200.1,46.535,303,159,2,23,323,13,314,6.55e-93,283,68.98
WP_001355482.1,WP_158387899.1,47.812,320,163,3,11,327,8,326,7.76e-93,283,65.94
WP_001355482.1,WP_196986810.1,49.110,281,141,1,45,323,39,319,8.67e-93,283,70.11
WP_001355482.1,WP_045476570.1,45.833,312,166,2,18,327,28,338,9.97e-93,284,68.27
WP_001355482.1,WP_042422147.1,47.231,307,159,2,23,327,21,326,1.24e-92,283,68.40
WP_001355482.1,WP_177136712.1,45.714,315,164,4,13,321,6,319,1.35e-92,283,67.94
WP_001355482.1,WP_063662371.1,47.188,320,165,3,11,327,8,326,1.38e-92,283,65.94
WP_001355482.1,WP_199139649.1,46.178,314,166,2,16,327,14,326,1.43e-92,283,66.24
WP_001355482.1,WP_034351000.1,47.188,320,165,3,11,327,8,326,1.64e-92,283,65.94
WP_001355482.1,WP_057200541.1,45.277,307,165,2,23,327,21,326,1.68e-92,283,69.06
WP_001355482.1,WP_100172482.1,46.254,307,162,2,23,327,13,318,1.76e-92,282,67.10
WP_001355482.1,WP_210823673.1,45.714,315,164,4,13,321,6,319,1.79e-92,283,67.62
WP_001355482.1,WP_151044215.1,46.580,307,161,2,23,327,21,326,1.87e-92,283,69.38
WP_001355482.1,WP_087085631.1,47.188,320,165,3,11,327,8,326,2.09e-92,282,66.25
WP_001355482.1,WP_043004579.1,47.188,320,165,3,11,327,8,326,2.18e-92,282,66.88
WP_001355482.1,WP_010101569.1,46.580,307,161,2,23,327,21,326,2.28e-92,282,67.75
WP_001355482.1,WP_056171484.1,46.906,307,160,2,23,327,21,326,2.43e-92,282,68.08
WP_001355482.1,WP_108329365.1,46.205,303,160,2,23,323,13,314,2.78e-92,282,68.98
WP_001355482.1,WP_174863546.1,47.883,307,157,2,23,327,21,326,3.15e-92,282,68.40
WP_001355482.1,WP_149355416.1,47.188,320,165,3,11,327,8,326,3.37e-92,282,66.56
WP_001355482.1,WP_121453639.1,46.906,307,160,2,23,327,21,326,4.14e-92,281,68.73
WP_001355482.1,WP_191721931.1,46.624,311,163,2,19,327,17,326,4.14e-92,281,67.85
WP_001355482.1,WP_054065390.1,46.580,307,161,2,23,327,21,326,4.14e-92,281,69.38
WP_001355482.1,WP_211458211.1,46.875,320,166,3,11,327,8,326,4.76e-92,281,67.19
WP_001355482.1,WP_161124450.1,44.892,323,170,3,7,327,6,322,4.83e-92,281,65.33
WP_001355482.1,WP_087748077.1,45.768,319,169,3,12,327,7,324,5.80e-92,281,65.83
WP_001355482.1,WP_086121742.1,46.382,304,157,3,23,321,17,319,6.39e-92,281,67.76
WP_001355482.1,WP_011807965.1,45.928,307,163,2,23,327,21,326,6.46e-92,281,68.40
WP_001355482.1,WP_099742409.1,47.231,307,159,2,23,327,21,326,6.82e-92,281,68.08
WP_001355482.1,WP_197275269.1,46.205,303,160,2,23,323,13,314,8.25e-92,281,68.65
WP_001355482.1,WP_199220269.1,46.254,307,162,2,23,327,13,318,9.61e-92,280,68.40
WP_001355482.1,WP_057597892.1,47.436,312,161,2,18,327,1,311,1.02e-91,280,66.03
WP_001355482.1,WP_099657118.1,47.231,307,159,2,23,327,21,326,1.41e-91,280,68.08
WP_000011612.1,WP_145894153.1,57.317,246,103,2,1,244,1,246,4.82e-89,268,67.89
WP_000011612.1,WP_068639864.1,55.918,245,105,2,3,244,6,250,8.52e-89,267,68.16
WP_000011612.1,WP_201688019.1,56.275,247,106,2,1,245,1,247,1.91e-88,266,68.83
WP_000011612.1,WP_193778885.1,56.275,247,106,2,1,245,1,247,2.22e-88,266,68.02
WP_000011612.1,WP_093107757.1,54.183,251,111,2,1,247,1,251,2.25e-88,266,67.33
WP_000011612.1,WP_141509941.1,55.466,247,108,2,1,245,1,247,3.68e-88,266,68.42
WP_000011612.1,WP_006298931.1,55.600,250,102,4,4,244,5,254,9.84e-88,265,68.40
WP_000011612.1,WP_135248232.1,56.680,247,105,2,1,245,32,278,1.14e-87,265,68.02
WP_000011612.1,WP_104302886.1,55.466,247,108,2,1,245,1,247,1.89e-87,264,68.42
WP_000011612.1,WP_130371743.1,56.735,245,103,2,3,244,11,255,3.65e-87,263,66.94
WP_000011612.1,WP_135265143.1,56.275,247,106,2,1,245,1,247,4.11e-87,263,66.40
WP_000011612.1,WP_184524207.1,54.251,247,109,2,3,245,7,253,4.29e-87,263,68.83
WP_000011612.1,WP_068679559.1,54.618,249,109,2,1,245,1,249,4.58e-87,263,67.07
WP_000011612.1,WP_057596377.1,55.020,249,108,2,1,245,1,249,5.95e-87,263,66.67
WP_000011612.1,WP_153585752.1,54.656,247,110,2,1,245,1,247,6.78e-87,262,68.02
WP_000011612.1,WP_208510904.1,55.020,249,108,2,1,245,1,249,8.26e-87,262,66.27
WP_000011612.1,WP_203201172.1,55.020,249,108,2,1,245,1,249,1.20e-86,262,66.27
WP_000011612.1,WP_082702336.1,54.839,248,111,1,1,247,42,289,1.27e-86,263,68.15
WP_000011612.1,WP_192673755.1,55.870,247,107,2,1,245,1,247,1.29e-86,262,65.59
WP_000011612.1,WP_210605846.1,52.988,251,115,2,1,248,1,251,1.79e-86,261,67.73
WP_000011612.1,WP_019559366.1,54.065,246,111,2,1,244,1,246,1.81e-86,261,68.70
WP_000011612.1,WP_093241082.1,53.815,249,111,2,1,245,1,249,1.94e-86,261,67.07
WP_000011612.1,WP_088956853.1,54.656,247,108,2,3,245,7,253,2.02e-86,261,68.02
WP_000011612.1,WP_162587213.1,54.217,249,110,2,1,245,1,249,2.41e-86,261,67.47
WP_000011612.1,WP_124462577.1,54.217,249,110,2,1,245,1,249,2.80e-86,261,65.86
WP_000011612.1,WP_169419743.1,55.285,246,108,2,1,244,1,246,3.26e-86,261,68.70
WP_000011612.1,WP_093379024.1,56.327,245,104,2,3,244,8,252,3.49e-86,261,66.53
WP_000011612.1,WP_106559533.1,54.217,249,110,2,1,245,1,249,3.53e-86,261,67.07
WP_000011612.1,WP_013901522.1,54.251,247,111,2,1,245,1,247,3.89e-86,260,68.83
WP_000011612.1,WP_062195799.1,54.065,246,111,2,1,244,1,246,4.11e-86,260,68.29
WP_000011612.1,WP_132737568.1,55.466,247,103,3,3,244,6,250,5.58e-86,260,67.21
WP_000011612.1,WP_106704138.1,53.846,247,111,2,1,244,1,247,6.42e-86,260,67.21
WP_000011612.1,WP_119551439.1,53.815,249,111,2,1,245,1,249,7.33e-86,260,66.67
WP_000011612.1,WP_093160394.1,53.414,249,112,2,1,245,1,249,9.73e-86,259,66.67
WP_000011612.1,WP_062471513.1,53.414,249,112,2,1,245,1,249,2.11e-85,259,66.27
WP_000011612.1,WP_095745204.1,54.217,249,110,3,1,245,1,249,2.16e-85,259,67.47
WP_000011612.1,WP_187110570.1,54.183,251,107,3,1,245,1,249,2.28e-85,259,66.14
WP_000011612.1,WP_048438558.1,55.061,247,109,2,1,245,1,247,2.71e-85,258,66.80
WP_000011612.1,WP_093216318.1,53.414,249,112,2,1,245,1,249,2.77e-85,258,66.27
WP_000011612.1,WP_193676740.1,55.285,246,108,2,1,244,1,246,3.30e-85,258,67.07
WP_000011612.1,WP_126835467.1,53.414,249,112,2,1,245,1,249,3.30e-85,258,66.67
WP_000011612.1,WP_106934677.1,54.183,251,107,3,1,245,1,249,3.68e-85,258,66.14
WP_000011612.1,WP_093342224.1,54.217,249,110,2,1,245,1,249,3.76e-85,258,65.86
WP_000011612.1,WP_187081084.1,55.691,246,107,2,1,244,1,246,4.11e-85,258,67.48
WP_000011612.1,WP_076997241.1,54.217,249,110,2,1,245,1,249,4.29e-85,258,65.46
WP_000011612.1,WP_057296432.1,57.143,245,99,2,1,244,1,240,4.43e-85,258,67.35
WP_000011612.1,WP_201674044.1,53.846,247,112,2,1,245,1,247,6.43e-85,257,67.61
WP_000011612.1,WP_093129925.1,53.414,249,112,2,1,245,1,249,6.57e-85,258,65.86
WP_000011612.1,WP_070060548.1,53.414,249,112,2,1,245,1,249,9.01e-85,257,66.27
WP_000011612.1,WP_101493045.1,53.414,249,112,2,1,245,1,249,1.15e-84,257,66.27
WP_000011612.1,WP_162575230.1,53.815,249,111,2,1,245,1,249,1.25e-84,256,66.67
WP_000011612.1,WP_028250133.1,54.656,247,108,3,3,245,5,251,1.35e-84,256,66.80
WP_000011612.1,WP_055897026.1,54.656,247,110,2,1,245,1,247,1.50e-84,256,65.59
WP_000011612.1,WP_035606690.1,53.414,249,107,3,5,244,6,254,1.59e-84,256,67.47
WP_000011612.1,WP_140838590.1,56.148,244,104,2,3,245,5,246,1.66e-84,256,66.39
WP_000011612.1,WP_130423094.1,53.386,251,109,3,1,245,1,249,1.85e-84,256,65.74
WP_000011612.1,WP_038209191.1,54.800,250,110,2,1,247,1,250,1.96e-84,256,67.20
WP_000011612.1,WP_019652460.1,54.286,245,107,2,1,240,1,245,2.25e-84,256,66.53
WP_000011612.1,WP_199592333.1,56.225,249,106,3,1,248,1,247,2.74e-84,256,67.47
WP_000011612.1,WP_099796836.1,53.012,249,113,2,1,245,1,249,2.77e-84,256,65.86
WP_000011612.1,WP_086922814.1,53.815,249,111,2,1,245,27,275,2.88e-84,256,66.67
WP_000011612.1,WP_119045678.1,57.551,245,98,2,1,244,1,240,2.93e-84,255,67.76
WP_000011612.1,WP_056581224.1,53.815,249,111,3,1,245,1,249,3.19e-84,256,67.07
WP_000011612.1,WP_131279897.1,54.000,250,106,4,4,244,5,254,3.89e-84,256,67.20
WP_000011612.1,WP_055360838.1,53.469,245,112,2,2,244,4,248,4.02e-84,255,66.12
WP_000011612.1,WP_139706571.1,53.012,249,113,2,1,245,1,249,4.11e-84,255,65.86
WP_000011612.1,WP_153284411.1,53.012,249,113,2,1,245,1,249,4.78e-84,255,65.86
WP_000011612.1,WP_088483214.1,57.959,245,97,2,1,244,1,240,6.01e-84,254,66.53
WP_000011612.1,WP_187078152.1,54.878,246,109,2,1,244,1,246,6.49e-84,255,66.26
WP_000011612.1,WP_171558027.1,54.065,246,111,2,1,244,1,246,6.71e-84,255,66.26
WP_000011612.1,WP_056518722.1,53.012,249,113,2,1,245,1,249,7.48e-84,255,65.06
WP_000011612.1,WP_162567480.1,52.590,251,115,3,1,247,2,252,7.73e-84,254,66.53
WP_000011612.1,WP_081270373.1,53.785,251,108,3,1,245,1,249,8.25e-84,254,65.74
WP_000011612.1,WP_095947711.1,53.012,249,113,2,1,245,1,249,9.41e-84,254,65.86
WP_000011612.1,WP_126181950.1,53.878,245,108,2,1,240,1,245,9.62e-84,254,66.12
WP_000011612.1,WP_017756994.1,54.286,245,111,1,1,244,1,245,1.10e-83,254,65.71
WP_000011612.1,WP_184603568.1,53.878,245,108,2,1,240,1,245,1.18e-83,254,66.12
WP_000011612.1,WP_145758545.1,53.878,245,108,2,1,240,1,245,1.41e-83,254,66.12
WP_000011612.1,WP_162592595.1,52.590,251,115,3,1,247,2,252,1.49e-83,254,66.53
WP_000011612.1,WP_132751116.1,53.878,245,108,2,1,240,1,245,1.52e-83,254,66.12
WP_000011612.1,WP_183023639.1,55.020,249,108,2,1,245,3,251,1.52e-83,254,67.07
WP_000011612.1,WP_061494888.1,52.846,246,114,2,1,244,1,246,1.75e-83,254,66.67
WP_000011612.1,WP_041943710.1,52.610,249,114,2,1,245,1,249,2.16e-83,254,65.46
WP_000011612.1,WP_056873540.1,57.143,245,99,2,1,244,1,240,2.33e-83,253,67.76
WP_000011612.1,WP_176657716.1,53.226,248,112,2,2,245,6,253,2.43e-83,254,65.32
WP_000011612.1,WP_192196602.1,52.610,249,114,2,1,245,1,249,2.57e-83,253,65.46
WP_000011612.1,WP_187055078.1,50.988,253,115,2,2,245,9,261,2.80e-83,254,67.59
WP_000011612.1,WP_126024052.1,53.061,245,110,2,1,240,1,245,3.33e-83,253,66.53
WP_000011612.1,WP_121694249.1,53.200,250,114,2,1,247,1,250,3.37e-83,253,66.00
WP_000011612.1,WP_159271905.1,52.610,249,114,2,1,245,1,249,3.41e-83,253,65.46
WP_000011612.1,WP_125951532.1,53.012,249,113,2,1,245,1,249,3.41e-83,253,65.46
WP_000011612.1,WP_028605556.1,54.251,247,110,2,1,244,1,247,3.84e-83,253,66.40
WP_000011612.1,WP_108135378.1,53.012,249,113,2,1,245,1,249,4.06e-83,253,65.46
WP_000011612.1,WP_055796813.1,52.610,249,114,2,1,245,1,249,4.83e-83,253,65.46
WP_000011612.1,WP_162581080.1,53.012,249,113,2,1,245,1,249,4.99e-83,253,66.27
WP_000011612.1,WP_114804105.1,54.286,245,111,1,1,244,1,245,6.21e-83,252,65.71
WP_000011612.1,WP_157398946.1,53.659,246,112,2,1,244,1,246,1.04e-82,252,65.04
WP_000011612.1,WP_093435190.1,53.012,249,113,2,1,245,1,249,1.18e-82,252,65.46
WP_000011612.1,WP_135283647.1,53.226,248,113,2,1,245,3,250,1.58e-82,251,65.73
WP_000011612.1,WP_021007497.1,52.610,249,114,2,1,245,1,249,1.81e-82,251,65.86
WP_011579193.1,WP_156454390.1,34.844,706,392,14,5,696,18,669,5.00e-129,402,52.55
WP_011579193.1,WP_198150868.1,36.850,692,359,16,22,698,42,670,5.95e-128,399,51.88
WP_011579193.1,WP_033371649.1,36.652,693,359,19,22,698,29,657,2.58e-127,397,52.81
WP_011579193.1,WP_122230654.1,36.533,698,363,17,7,677,8,652,4.60e-127,397,53.58
WP_011579193.1,WP_122230654.1,41.065,263,140,8,430,683,64,320,3.44e-39,159,55.89
WP_011579193.1,WP_104357767.1,37.296,673,359,14,31,696,46,662,1.39e-123,387,52.90
WP_011579193.1,WP_104357767.1,30.874,366,185,11,29,385,367,673,2.08e-28,126,45.90
WP_011579193.1,WP_132765754.1,35.329,668,366,9,41,696,14,627,1.75e-122,384,51.35
WP_011579193.1,WP_132765754.1,35.127,316,175,8,407,709,5,303,4.27e-37,152,50.00
WP_011579193.1,WP_132765754.1,29.134,381,212,10,13,385,308,638,3.19e-30,132,43.83
WP_011579193.1,WP_027016273.1,36.095,676,353,13,33,684,38,658,3.50e-119,377,51.78
WP_011579193.1,WP_027016273.1,31.010,287,178,7,429,700,69,350,9.53e-27,121,48.78
WP_011579193.1,WP_162777422.1,34.907,699,391,13,1,678,1,656,6.85e-116,367,51.50
WP_011579193.1,WP_104797218.1,36.000,675,351,18,43,683,41,668,9.50e-116,368,52.74
WP_011579193.1,WP_104797218.1,29.330,358,191,8,33,380,380,685,4.22e-27,122,45.25
WP_011579193.1,WP_104797218.1,32.787,305,159,14,431,700,64,357,1.41e-24,114,49.18
WP_011579193.1,WP_080025302.1,34.072,722,411,14,1,701,1,678,1.38e-115,367,51.25
WP_011579193.1,WP_135285464.1,34.665,701,364,18,43,707,48,690,3.89e-113,361,50.93
WP_011579193.1,WP_207291206.1,35.163,674,362,14,17,664,17,641,8.89e-112,357,51.48
WP_011579193.1,WP_207291206.1,29.341,334,177,8,34,360,374,655,7.57e-27,121,44.91
WP_011579193.1,WP_211372055.1,35.277,669,368,13,17,664,17,641,7.98e-111,355,51.57
WP_011579193.1,WP_211372055.1,29.641,334,176,8,34,360,374,655,5.04e-27,122,44.91
WP_011579193.1,WP_158386539.1,34.992,663,369,13,35,678,38,657,1.79e-110,354,52.49
WP_011579193.1,WP_158386539.1,28.150,373,205,10,36,398,379,698,5.24e-28,125,44.50
WP_011579193.1,WP_158386539.1,32.313,294,170,9,429,700,67,353,5.94e-26,119,50.34
WP_011579193.1,WP_210606224.1,33.380,722,404,15,17,708,19,693,4.86e-110,353,50.42
WP_011579193.1,WP_210606224.1,31.985,272,154,9,383,635,11,270,2.33e-22,107,48.16
WP_011579193.1,WP_211456618.1,34.840,686,369,17,7,664,7,642,3.64e-106,343,50.73
WP_011579193.1,WP_211456618.1,28.235,340,191,8,34,367,371,663,1.01e-25,118,43.53
WP_011579193.1,WP_211456618.1,31.081,296,170,10,429,700,62,347,9.87e-25,115,47.64
WP_011579193.1,WP_202788751.1,34.703,706,376,18,39,708,35,691,9.86e-106,342,49.86
WP_011579193.1,WP_202788751.1,29.706,340,186,8,34,367,369,661,3.82e-29,129,45.00
WP_011579193.1,WP_052703325.1,33.469,735,408,19,7,708,8,694,2.70e-105,340,50.34
WP_011579193.1,WP_198528649.1,34.986,706,374,19,39,708,35,691,3.85e-105,340,50.14
WP_011579193.1,WP_198528649.1,28.529,340,190,8,34,367,369,661,8.78e-27,121,44.41
WP_011579193.1,WP_193751082.1,34.116,724,396,20,18,708,18,693,4.36e-105,340,50.28
WP_011579193.1,WP_179626298.1,34.419,706,378,18,39,708,39,695,5.61e-105,340,49.58
WP_011579193.1,WP_179626298.1,29.651,344,179,9,34,366,373,664,3.49e-29,129,45.35
WP_011579193.1,WP_063663060.1,34.936,707,373,19,39,708,35,691,6.07e-105,340,49.79
WP_011579193.1,WP_063663060.1,29.706,340,186,9,34,367,369,661,5.13e-29,128,45.29
WP_011579193.1,WP_076342754.1,34.157,688,369,16,42,698,41,675,1.25e-104,338,50.87
WP_011579193.1,WP_120967621.1,33.580,676,378,14,16,664,8,639,2.47e-104,338,50.59
WP_011579193.1,WP_120967621.1,30.395,329,177,8,34,359,373,652,3.56e-27,122,44.38
WP_011579193.1,WP_120967621.1,30.952,294,173,9,429,700,64,349,1.25e-25,117,48.30
WP_011579193.1,WP_171832525.1,33.609,726,397,19,18,708,18,693,2.83e-104,338,50.00
WP_011579193.1,WP_198424723.1,34.986,706,374,20,39,708,35,691,3.73e-104,337,50.28
WP_011579193.1,WP_198424723.1,29.412,340,187,8,34,367,369,661,1.39e-28,127,44.71
WP_011579193.1,WP_172415103.1,34.605,708,374,18,39,708,44,700,6.84e-104,337,49.15
WP_011579193.1,WP_172415103.1,28.696,345,183,9,34,367,378,670,7.38e-27,121,44.06
WP_011579193.1,WP_041744184.1,34.746,708,373,18,39,708,44,700,8.53e-104,337,49.15
WP_011579193.1,WP_041744184.1,28.696,345,183,9,34,367,378,670,2.15e-27,123,44.93
WP_011579193.1,WP_050788989.1,34.986,706,374,20,39,708,35,691,8.59e-104,337,50.00
WP_011579193.1,WP_050788989.1,28.779,344,182,9,35,367,370,661,8.04e-27,121,44.48
WP_011579193.1,WP_003054152.1,34.561,706,377,19,39,708,51,707,9.94e-104,337,49.72
WP_011579193.1,WP_003054152.1,27.596,337,195,7,34,366,385,676,2.06e-26,120,44.21
WP_011579193.1,WP_099736676.1,33.676,680,392,13,1,664,1,637,1.35e-103,336,50.74
WP_011579193.1,WP_099736676.1,31.293,294,172,7,429,700,62,347,5.41e-28,125,48.64
WP_011579193.1,WP_099736676.1,29.499,339,181,8,34,366,371,657,5.15e-27,122,44.25
WP_011579193.1,WP_052263614.1,34.463,708,375,18,39,708,35,691,1.80e-103,335,49.15
WP_011579193.1,WP_052263614.1,29.360,344,180,9,34,366,369,660,9.65e-29,127,45.35
WP_011579193.1,WP_034358169.1,33.697,733,409,19,7,708,7,693,3.79e-103,335,49.66
WP_011579193.1,WP_043373415.1,33.994,706,381,18,39,708,41,697,4.51e-103,335,49.86
WP_011579193.1,WP_043373415.1,27.596,337,195,7,34,366,375,666,2.83e-26,120,43.62
WP_011579193.1,WP_087082634.1,33.517,725,399,19,18,708,18,693,6.89e-103,334,50.48
WP_011579193.1,WP_080757823.1,33.653,731,390,20,18,708,18,693,4.06e-102,332,49.93
WP_011579193.1,WP_194271041.1,32.966,725,403,18,18,708,18,693,7.98e-102,331,49.52
WP_011579193.1,WP_154164428.1,32.153,706,402,15,35,709,39,698,2.35e-101,330,50.57
WP_011579193.1,WP_154164428.1,30.882,340,175,10,34,366,380,666,7.72e-30,131,46.47
WP_011579193.1,WP_043383351.1,32.011,706,403,16,35,709,39,698,6.06e-101,329,51.13
WP_011579193.1,WP_043383351.1,31.268,339,175,11,34,366,380,666,8.00e-30,130,46.61
WP_011579193.1,WP_052084801.1,34.278,706,379,18,39,708,51,707,6.59e-101,329,49.72
WP_011579193.1,WP_052084801.1,27.647,340,191,8,34,366,385,676,2.83e-23,110,43.53
WP_011579193.1,WP_192671652.1,35.977,706,371,17,41,709,427,1088,7.69e-101,338,50.28
WP_011579193.1,WP_167002508.1,35.385,650,346,15,42,664,54,656,1.62e-100,328,51.08
WP_011579193.1,WP_167002508.1,28.190,337,193,7,34,366,385,676,4.43e-27,122,44.81
WP_011579193.1,WP_167002508.1,32.441,299,162,11,429,700,76,361,1.10e-23,112,47.83
WP_011579193.1,WP_207384578.1,34.237,701,384,19,40,708,61,716,1.01e-98,324,50.21
WP_011579193.1,WP_207384578.1,28.994,338,183,8,37,366,397,685,9.18e-28,124,44.38
WP_011579193.1,WP_053284026.1,34.043,705,382,19,39,708,51,707,9.33e-98,321,49.08
WP_011579193.1,WP_053284026.1,28.739,341,186,10,34,366,385,676,4.52e-25,116,44.28
WP_011579193.1,WP_054066284.1,36.545,550,313,11,187,708,33,574,5.06e-97,315,54.36
WP_011579193.1,WP_054066284.1,28.743,334,179,8,34,360,256,537,1.42e-26,120,45.21
WP_011579193.1,WP_054066630.1,36.142,534,315,9,187,701,33,559,6.67e-97,315,54.87
WP_011579193.1,WP_054066630.1,27.688,372,195,10,34,383,256,575,1.21e-26,120,44.62
WP_011579193.1,WP_158393064.1,37.897,409,235,6,272,664,1,406,1.21e-74,253,55.50
WP_011579193.1,WP_158393064.1,30.368,326,169,8,52,371,157,430,9.31e-27,119,46.01
WP_011579193.1,WP_104301229.1,42.154,325,179,8,375,696,9,327,3.19e-72,242,61.54
WP_011579193.1,WP_104301229.1,31.498,327,157,7,65,385,62,327,6.58e-31,129,43.12
WP_011579193.1,WP_148748410.1,42.718,309,167,7,375,678,7,310,1.20e-68,233,62.14
WP_011579193.1,WP_148748410.1,31.561,301,146,7,65,359,63,309,6.54e-27,117,44.85
WP_011579193.1,WP_169419597.1,41.867,332,175,7,375,697,5,327,1.79e-68,232,58.13
WP_011579193.1,WP_169419597.1,31.529,314,162,8,65,374,62,326,5.30e-30,126,45.54
WP_011579193.1,WP_103737855.1,40.606,330,185,8,375,698,7,331,3.33e-68,232,59.70
WP_011579193.1,WP_103737855.1,31.595,326,151,11,65,376,63,330,2.05e-26,116,46.93
WP_011579193.1,WP_202899910.1,41.837,294,162,4,375,663,6,295,4.91e-67,228,59.86
WP_011579193.1,WP_202899910.1,30.094,319,169,6,65,378,63,332,5.81e-29,123,43.57
WP_011579193.1,WP_210931751.1,42.857,294,159,7,399,686,3,293,1.13e-65,224,63.27
WP_011579193.1,WP_210931751.1,31.561,301,146,6,65,359,37,283,4.38e-27,117,43.52
WP_011579193.1,WP_114654437.1,40.895,313,175,5,375,681,13,321,2.18e-65,224,58.79
WP_011579193.1,WP_114654437.1,31.481,324,158,7,65,378,70,339,3.08e-29,124,44.14
WP_011579193.1,WP_108379527.1,40.426,329,180,9,379,697,82,404,4.34e-65,226,60.18
WP_011579193.1,WP_108379527.1,30.448,335,168,8,65,393,135,410,1.08e-31,133,45.37
WP_011579193.1,WP_184277159.1,40.909,330,182,8,375,697,13,336,6.40e-64,220,55.76
WP_011579193.1,WP_184277159.1,31.098,328,161,7,65,387,70,337,2.31e-30,127,42.68
WP_011579193.1,WP_053176909.1,39.818,329,182,9,379,697,10,332,2.06e-63,219,59.57
WP_011579193.1,WP_053176909.1,30.952,336,167,9,65,394,63,339,3.55e-34,138,46.43
WP_011579193.1,WP_172221179.1,38.788,330,189,7,379,701,18,341,6.13e-61,212,56.36
WP_011579193.1,WP_172221179.1,28.232,379,205,8,11,380,21,341,5.00e-30,126,42.48
WP_011579193.1,WP_176669130.1,42.034,295,160,7,375,663,14,303,9.25e-61,212,57.97
WP_011579193.1,WP_176669130.1,31.988,322,155,8,65,376,71,338,4.64e-30,127,45.65
WP_011579193.1,WP_187078362.1,38.415,328,189,8,375,696,11,331,2.89e-60,210,57.32
WP_011579193.1,WP_187078362.1,28.382,377,178,12,24,385,32,331,1.32e-24,110,42.71
WP_011579193.1,WP_175505635.1,41.667,300,163,8,375,668,13,306,6.65e-60,209,57.33
WP_011579193.1,WP_175505635.1,30.650,323,162,7,65,378,70,339,6.17e-30,126,44.89
WP_011579193.1,WP_050871660.1,41.017,295,163,5,375,663,7,296,2.92e-59,207,55.93
WP_011579193.1,WP_050871660.1,31.073,354,167,10,37,376,41,331,1.76e-30,127,44.35
WP_011579193.1,WP_011485781.1,40.127,314,178,5,379,686,28,337,1.63e-58,206,60.19
WP_011579193.1,WP_011485781.1,28.041,296,163,7,65,359,81,327,1.16e-25,114,46.28
WP_011579193.1,WP_080731541.1,34.951,309,175,5,377,663,78,382,3.40e-42,170,51.46
WP_011579193.1,WP_080731541.1,28.803,309,171,6,43,350,127,387,6.44e-26,119,44.34
WP_011579193.1,WP_076342756.1,30.286,350,174,12,31,368,33,324,5.93e-38,151,49.43
WP_011579193.1,WP_076342756.1,34.553,246,146,7,429,664,65,305,3.59e-26,117,50.00
WP_011579193.1,WP_197408043.1,33.333,300,139,9,69,362,511,755,2.94e-29,129,46.33
WP_011579193.1,WP_197408043.1,28.968,252,161,6,438,680,513,755,7.56e-22,106,51.98
WP_011579193.1,WP_104357766.1,30.435,115,61,3,202,314,491,588,1.88e-04,50.4,44.35
WP_011579193.1,WP_081767244.1,43.333,60,31,1,258,314,257,316,0.005,45.4,56.67
WP_011579193.1,WP_131279046.1,30.000,100,63,2,222,321,244,336,0.009,44.3,49.00
WP_011579193.1,WP_138922416.1,25.850,147,89,4,177,321,206,334,0.011,44.3,44.22
WP_011579193.1,WP_138922416.1,28.346,127,81,4,514,633,197,320,0.042,42.4,44.88
WP_011579193.1,WP_174253358.1,30.120,83,57,1,227,309,388,469,0.016,43.9,48.19
WP_001023681.1,WP_083932494.1,40.642,374,218,3,7,378,20,391,8.56e-86,273,54.81
WP_001023681.1,WP_104301231.1,41.299,385,212,8,3,380,14,391,1.19e-85,273,58.44
WP_001023681.1,WP_156920043.1,37.105,380,229,2,2,378,15,387,1.61e-81,261,53.68
WP_001023681.1,WP_169335124.1,38.619,391,234,4,2,390,7,393,2.87e-80,257,54.48
WP_001023681.1,WP_104359091.1,38.259,379,226,3,4,378,17,391,1.42e-78,254,51.19
WP_001023681.1,WP_165908721.1,37.534,373,225,3,10,378,1,369,8.25e-77,249,51.47
WP_001023681.1,WP_162846680.1,36.020,397,237,7,3,390,41,429,9.26e-69,228,52.64
WP_001023681.1,WP_052754989.1,36.170,376,230,5,10,378,1,373,1.24e-65,218,51.86
WP_001023681.1,WP_187078356.1,34.367,387,247,4,2,383,31,415,8.68e-63,212,49.10
WP_001023681.1,WP_099736677.1,33.741,409,237,8,3,381,12,416,2.18e-62,213,48.41
WP_001023681.1,WP_154164427.1,34.368,419,241,8,3,389,11,427,2.84e-62,213,47.97
WP_001023681.1,WP_167002506.1,34.474,409,234,8,3,381,32,436,5.67e-62,212,48.66
WP_001023681.1,WP_050871661.1,34.555,382,236,4,4,378,8,382,5.88e-62,209,51.31
WP_001023681.1,WP_077344570.1,34.625,413,229,9,3,381,12,417,9.91e-62,211,49.15
WP_001023681.1,WP_151046090.1,34.541,414,228,8,3,381,11,416,1.25e-61,211,48.79
WP_001023681.1,WP_051519496.1,34.129,419,242,8,3,389,11,427,1.30e-61,211,47.97
WP_001023681.1,WP_087863473.1,33.810,420,241,9,3,389,12,427,1.53e-61,211,48.81
WP_001023681.1,WP_052703323.1,33.810,420,241,9,3,389,12,427,1.73e-61,210,48.81
WP_001023681.1,WP_158386540.1,34.940,415,226,9,3,382,11,416,2.46e-61,210,47.71
WP_001023681.1,WP_029158283.1,34.817,382,235,4,4,378,8,382,2.47e-61,208,50.79
WP_001023681.1,WP_057092461.1,33.810,420,241,9,3,389,12,427,2.56e-61,210,48.57
WP_001023681.1,WP_082669725.1,34.625,413,229,9,3,381,11,416,2.74e-61,210,49.15
WP_001023681.1,WP_052223816.1,33.571,420,242,9,3,389,32,447,2.97e-61,210,49.05
WP_001023681.1,WP_053284025.1,34.279,423,235,11,3,389,32,447,3.09e-61,210,49.41
WP_001023681.1,WP_210606223.1,34.625,413,229,9,3,381,13,418,3.11e-61,209,49.15
WP_001023681.1,WP_211456617.1,33.571,420,242,9,3,389,32,447,3.98e-61,210,48.81
WP_001023681.1,WP_054066631.1,34.383,413,230,9,3,381,11,416,4.53e-61,209,49.15
WP_001023681.1,WP_012838744.1,33.571,420,242,9,3,389,12,427,4.62e-61,209,48.57
WP_001023681.1,WP_182283090.1,33.571,420,242,9,3,389,32,447,7.34e-61,209,48.57
WP_001023681.1,WP_052088191.1,33.810,420,241,9,3,389,32,447,8.41e-61,209,48.57
WP_001023681.1,WP_134737321.1,33.571,420,242,9,3,389,12,427,1.11e-60,208,48.57
WP_001023681.1,WP_063663016.1,33.571,420,242,9,3,389,12,427,1.19e-60,208,48.33
WP_001023681.1,WP_034408263.1,33.571,420,242,9,3,389,12,427,2.11e-60,207,48.57
WP_001023681.1,WP_149357008.1,33.333,420,243,9,3,389,12,427,2.47e-60,207,48.33
WP_001023681.1,WP_034358168.1,33.571,420,242,9,3,389,12,427,2.89e-60,207,48.57
WP_001023681.1,WP_052084800.1,33.333,420,243,9,3,389,32,447,2.97e-60,207,48.10
WP_001023681.1,WP_059439692.1,33.333,420,243,9,3,389,12,427,3.08e-60,207,48.33
WP_001023681.1,WP_202788704.1,33.333,420,243,9,3,389,32,447,4.39e-60,207,48.33
WP_001023681.1,WP_039048953.1,33.333,420,243,9,3,389,12,427,5.80e-60,206,48.33
WP_001023681.1,WP_179626297.1,33.333,420,243,9,3,389,12,427,7.09e-60,206,48.33
WP_001023681.1,WP_034400491.1,33.333,420,243,9,3,389,12,427,7.09e-60,206,48.57
WP_001023681.1,WP_087082636.1,33.333,420,243,9,3,389,12,427,1.15e-59,206,48.33
WP_001023681.1,WP_148729537.1,33.333,420,243,9,3,389,32,447,1.18e-59,206,48.57
WP_001023681.1,WP_051962190.1,33.333,420,243,9,3,389,32,447,1.23e-59,206,48.57
WP_001023681.1,WP_108379551.1,34.127,378,246,2,2,378,22,397,1.34e-59,204,47.88
WP_001023681.1,WP_120967623.1,34.375,416,234,8,2,382,13,424,1.34e-59,205,48.08
WP_001023681.1,WP_175505634.1,34.115,384,239,4,2,378,6,382,2.46e-59,203,49.48
WP_001023681.1,WP_169419606.1,33.333,384,246,4,2,382,40,416,1.27e-58,202,48.18
WP_001023681.1,WP_184277160.1,33.594,384,241,4,2,378,6,382,3.87e-58,200,50.26
WP_001023681.1,WP_201740907.1,35.917,387,228,7,2,378,3,379,8.20e-58,199,49.87
WP_001023681.1,WP_083451299.1,32.902,386,248,3,2,382,37,416,1.23e-57,200,48.45
WP_001023681.1,WP_202899915.1,34.375,384,238,4,2,378,3,379,6.66e-57,196,49.48
WP_001023681.1,WP_011485801.1,32.208,385,252,2,2,378,43,426,4.40e-55,192,47.27
WP_001023681.1,WP_158394353.1,35.278,360,193,8,64,389,1,354,5.58e-55,192,49.72
WP_001023681.1,WP_192671667.1,31.701,388,240,7,2,378,39,412,1.05e-54,191,47.94
WP_001023681.1,WP_210545468.1,31.000,400,262,5,6,395,8,403,4.61e-54,189,49.25
WP_001023681.1,WP_161499647.1,32.461,382,249,3,3,382,1,375,2.65e-53,186,48.95
WP_001023681.1,WP_172221142.1,32.161,398,248,5,2,385,38,427,4.75e-53,187,45.98
WP_001023681.1,WP_167784740.1,32.283,381,245,4,3,378,33,405,1.25e-48,175,45.14
WP_001023681.1,WP_193782228.1,31.596,307,208,2,72,378,1,305,5.65e-38,144,46.58
WP_001023681.1,WP_146052224.1,27.013,385,262,10,4,378,21,396,6.46e-33,132,47.27
WP_001023681.1,WP_210930838.1,27.366,391,253,10,4,378,5,380,2.87e-32,130,45.01
WP_001023681.1,WP_148748407.1,27.132,387,259,10,4,378,5,380,6.49e-32,129,44.96
WP_001023681.1,WP_131279046.1,37.805,82,44,2,259,340,248,322,7.26e-04,47.0,51.22
WP_001023681.1,WP_138922416.1,31.933,119,69,3,227,340,209,320,0.001,46.2,45.38
WP_001023681.1,WP_081767244.1,33.077,130,67,5,217,340,191,306,0.009,43.5,39.23
WP_001575907.1,WP_142139484.1,26.733,202,146,1,13,212,27,228,2.53e-18,86.7,50.99
WP_001575907.1,WP_191264211.1,23.629,237,177,2,17,249,20,256,9.55e-18,84.7,47.26
WP_001575907.1,WP_114971917.1,24.057,212,155,1,17,222,19,230,2.79e-15,78.2,46.23
WP_001575907.1,WP_169422029.1,23.715,253,180,4,7,249,3,252,6.38e-15,77.0,46.25
WP_001575907.1,WP_196986890.1,26.214,206,148,3,10,212,37,241,1.44e-14,76.3,50.49
WP_001575907.1,WP_051603214.1,23.585,212,156,1,17,222,29,240,2.61e-14,75.5,48.58
WP_001575907.1,WP_143434217.1,22.881,236,176,1,17,246,19,254,1.05e-13,73.6,46.61
WP_001575907.1,WP_061500864.1,24.576,236,172,1,17,246,20,255,1.18e-13,73.6,49.15
WP_001575907.1,WP_206613238.1,19.838,247,192,1,17,257,24,270,1.58e-13,73.2,47.37
WP_001575907.1,WP_048437971.1,22.010,209,161,1,10,216,37,245,1.99e-13,73.2,48.80
WP_001575907.1,WP_148293325.1,23.556,225,163,4,7,224,14,236,4.51e-13,72.0,49.33
WP_001575907.1,WP_090129598.1,24.219,256,177,3,6,246,5,258,4.98e-13,72.0,44.92
WP_001575907.1,WP_116926363.1,23.529,221,160,4,11,224,17,235,6.00e-13,71.6,50.23
WP_001575907.1,WP_007862407.1,26.104,249,172,7,10,251,29,272,8.49e-13,71.2,49.00
WP_001575907.1,WP_135285217.1,22.177,248,187,2,7,248,9,256,9.88e-13,70.9,44.35
WP_001575907.1,WP_182343687.1,23.423,222,161,4,10,224,16,235,1.28e-12,70.9,49.55
WP_001575907.1,WP_092131120.1,24.473,237,168,6,10,240,29,260,1.39e-12,70.9,49.79
WP_001575907.1,WP_182325625.1,23.556,225,163,4,7,224,14,236,1.58e-12,70.5,49.33
WP_001575907.1,WP_108329665.1,24.057,212,155,2,17,222,20,231,2.76e-12,69.7,46.70
WP_001575907.1,WP_108374003.1,24.528,265,173,7,7,254,14,268,3.76e-12,69.3,44.15
WP_001575907.1,WP_108379832.1,23.276,232,172,2,21,246,24,255,4.13e-12,69.3,45.69
WP_001575907.1,WP_066093299.1,25.620,242,150,7,33,255,46,276,4.16e-12,69.3,46.69
WP_001575907.1,WP_106683137.1,21.698,212,160,1,17,222,31,242,4.29e-12,69.3,48.11
WP_001575907.1,WP_066254044.1,22.034,236,178,1,17,246,19,254,1.48e-11,67.8,45.34
WP_001575907.1,WP_194770164.1,21.461,219,165,2,33,244,17,235,1.53e-11,67.4,47.03
WP_001575907.1,WP_182345537.1,25.000,252,170,6,17,255,29,274,1.57e-11,67.8,47.62
WP_001575907.1,WP_084652434.1,21.461,219,165,2,33,244,17,235,1.60e-11,67.4,45.66
WP_001575907.1,WP_184705626.1,22.422,223,164,4,7,222,13,233,2.17e-11,67.4,49.33
WP_001575907.1,WP_119293269.1,21.923,260,189,3,10,255,13,272,3.67e-11,66.6,46.15
WP_001575907.1,WP_034689761.1,24.686,239,151,5,7,227,17,244,8.46e-11,65.5,46.44
WP_001575907.1,WP_194792847.1,22.581,248,189,2,10,255,37,283,9.05e-11,65.9,47.98
WP_001575907.1,WP_201687076.1,21.681,226,174,2,29,251,66,291,1.50e-10,65.1,48.67
WP_001575907.1,WP_036593833.1,22.176,239,171,4,2,231,14,246,1.56e-10,64.7,45.61
WP_001575907.1,WP_133158159.1,22.269,238,175,3,19,246,17,254,1.64e-10,64.7,44.12
WP_001575907.1,WP_136405147.1,23.144,229,161,4,3,222,11,233,1.90e-10,64.7,47.16
WP_001575907.1,WP_187598087.1,24.121,199,138,4,33,222,39,233,2.15e-10,64.3,48.74
WP_001575907.1,WP_180128921.1,22.951,244,179,3,19,255,20,261,2.24e-10,64.3,45.49
WP_001575907.1,WP_194770283.1,24.299,214,145,5,21,221,23,232,2.88e-10,63.9,47.20
WP_001575907.1,WP_121943751.1,22.335,197,146,2,33,222,17,213,3.25e-10,63.5,45.18
WP_001575907.1,WP_157397769.1,23.661,224,162,3,29,246,34,254,4.01e-10,63.5,47.77
WP_001575907.1,WP_027995451.1,24.658,219,158,2,10,222,16,233,4.41e-10,63.5,48.40
WP_001575907.1,WP_199220625.1,24.268,239,160,5,33,255,43,276,5.49e-10,63.5,47.70
WP_001575907.1,WP_092745323.1,23.431,239,173,5,10,241,16,251,5.78e-10,63.2,50.21
WP_001575907.1,WP_146912839.1,21.918,219,158,4,7,216,13,227,8.34e-10,62.8,48.86
WP_001575907.1,WP_141835272.1,26.068,234,148,7,7,224,17,241,8.94e-10,62.8,45.30
WP_001575907.1,WP_074931594.1,25.641,234,149,7,7,224,17,241,1.06e-09,62.4,45.73
WP_001575907.1,WP_210824361.1,24.790,238,169,3,19,246,18,255,1.91e-09,61.6,46.64
WP_001575907.1,WP_074575965.1,19.643,224,172,4,33,248,49,272,2.03e-09,61.6,47.77
WP_001575907.1,WP_169804801.1,23.431,239,175,2,14,246,16,252,2.11e-09,61.6,46.86
WP_001575907.1,WP_054256324.1,22.535,213,158,3,10,216,16,227,2.27e-09,61.6,48.83
WP_001575907.1,WP_081483795.1,20.930,215,163,2,33,240,38,252,2.54e-09,61.2,46.05
WP_001575907.1,WP_193782117.1,26.471,238,153,8,33,255,43,273,2.62e-09,61.2,45.38
WP_001575907.1,WP_176066803.1,22.727,264,190,3,6,255,9,272,3.03e-09,61.2,48.48
WP_001575907.1,WP_056660668.1,25.957,235,153,7,7,227,17,244,3.21e-09,61.2,45.53
WP_001575907.1,WP_167772450.1,19.665,239,184,3,14,246,19,255,3.41e-09,60.8,46.86
WP_001575907.1,WP_204246721.1,19.068,236,185,2,17,246,17,252,3.62e-09,60.8,45.34
WP_001575907.1,WP_207373145.1,23.207,237,165,5,10,234,20,251,3.70e-09,60.8,46.41
WP_001575907.1,WP_084397643.1,23.636,275,176,10,1,255,16,276,3.74e-09,60.8,45.82
WP_001575907.1,WP_089957970.1,21.311,244,186,3,10,248,27,269,3.81e-09,60.8,49.18
WP_001575907.1,WP_201677378.1,24.380,242,159,5,29,254,39,272,3.95e-09,60.8,43.80
WP_001575907.1,WP_144732530.1,22.018,218,164,1,29,240,31,248,4.46e-09,60.5,42.20
WP_001575907.1,WP_090138275.1,22.034,236,178,2,17,246,19,254,5.15e-09,60.5,46.19
WP_001575907.1,WP_026431497.1,23.387,248,178,5,13,251,12,256,5.59e-09,60.5,46.77
WP_001575907.1,WP_184276152.1,22.979,235,160,7,7,227,17,244,5.91e-09,60.5,45.96
WP_001575907.1,WP_106847397.1,22.845,232,158,5,5,221,8,233,5.97e-09,60.5,46.98
WP_001575907.1,WP_099731291.1,25.822,213,145,4,19,222,22,230,6.24e-09,60.1,46.01
WP_001575907.1,WP_011794110.1,23.387,248,178,5,13,251,12,256,7.03e-09,60.1,46.77
WP_001575907.1,WP_187081221.1,24.506,253,172,6,16,255,21,267,7.23e-09,60.1,47.04
WP_001575907.1,WP_099657828.1,22.467,227,163,4,7,224,13,235,1.03e-08,59.7,47.58
WP_001575907.1,WP_056670101.1,25.000,220,154,5,10,221,16,232,1.07e-08,59.7,48.64
WP_001575907.1,WP_031255555.1,23.661,224,160,4,6,221,12,232,1.53e-08,58.9,47.32
WP_001575907.1,WP_182118061.1,24.066,241,170,5,7,236,13,251,1.81e-08,58.9,48.96
WP_001575907.1,WP_106701156.1,22.051,195,146,1,19,207,32,226,2.18e-08,58.5,45.13
WP_001575907.1,WP_200912398.1,26.339,224,146,5,10,221,17,233,2.34e-08,58.5,47.32
WP_001575907.1,WP_012655587.1,21.186,236,180,2,17,246,19,254,4.34e-08,57.8,46.61
WP_001575907.1,WP_187598227.1,23.350,197,144,2,33,222,17,213,4.37e-08,57.4,46.19
WP_001575907.1,WP_055395168.1,27.426,237,150,8,33,255,28,256,5.96e-08,57.4,47.26
WP_001575907.1,WP_187738403.1,26.271,236,154,7,33,255,28,256,6.14e-08,57.4,47.88
WP_001575907.1,WP_192885494.1,20.779,231,176,2,12,235,17,247,6.53e-08,57.4,43.72
WP_001575907.1,WP_192883474.1,20.792,202,153,2,33,227,33,234,6.93e-08,57.0,44.06
WP_001575907.1,WP_107171664.1,20.792,202,153,2,33,227,17,218,7.39e-08,57.0,44.06
WP_001575907.1,WP_199175165.1,21.739,230,173,2,12,234,12,241,7.40e-08,57.0,43.48
WP_001575907.1,WP_184704554.1,20.779,231,176,2,12,235,17,247,7.67e-08,57.0,44.16
WP_001575907.1,WP_016446453.1,25.600,250,170,6,7,246,13,256,7.76e-08,57.0,48.40
WP_001575907.1,WP_021026196.1,21.795,234,171,3,12,238,12,240,1.06e-07,56.6,44.44
WP_001575907.1,WP_084454984.1,26.848,257,159,9,9,245,15,262,1.17e-07,56.6,44.75
WP_001575907.1,WP_136572108.1,22.222,225,160,4,6,221,14,232,1.20e-07,56.6,46.22
WP_001575907.1,WP_121422378.1,21.834,229,172,2,12,233,15,243,1.26e-07,56.2,43.67
WP_001575907.1,WP_007851915.1,24.359,234,159,6,7,227,12,240,1.28e-07,56.2,48.29
WP_001575907.1,WP_087283293.1,23.043,230,162,4,2,222,11,234,2.03e-07,55.8,47.39
WP_001575907.1,WP_108619036.1,23.963,217,156,4,7,216,13,227,2.10e-07,55.8,48.39
WP_001575907.1,WP_011808470.1,25.676,222,157,4,7,221,14,234,2.96e-07,55.5,46.85
WP_001575907.1,WP_121729674.1,25.969,258,166,7,7,248,17,265,3.03e-07,55.5,43.02
WP_001575907.1,WP_166160312.1,21.525,223,164,3,7,221,13,232,3.21e-07,55.1,47.98
WP_001575907.1,WP_060987665.1,22.707,229,170,2,12,233,18,246,3.44e-07,55.1,42.79
WP_001575907.1,WP_077333035.1,22.689,238,174,2,19,246,17,254,3.56e-07,55.1,46.64
WP_001575907.1,WP_205904651.1,22.131,244,182,3,12,247,12,255,3.96e-07,55.1,45.08
WP_001575907.1,WP_119012709.1,22.685,216,160,2,12,221,18,232,4.34e-07,54.7,47.22
WP_001575907.1,WP_205750348.1,21.721,244,183,3,12,247,12,255,5.20e-07,54.7,44.67
WP_001575907.1,WP_180318123.1,25.200,250,171,5,7,246,13,256,5.65e-07,54.7,47.60
WP_032304460.1,WP_099743136.1,62.731,432,151,4,3,433,4,426,0.0,570,78.47
WP_032304460.1,WP_160851478.1,61.538,429,157,3,3,431,5,425,0.0,548,76.92
WP_032304460.1,WP_082848299.1,60.465,430,161,3,2,431,3,423,0.0,544,76.28
WP_032304460.1,WP_133157405.1,57.639,432,179,2,2,433,3,430,0.0,543,76.62
WP_032304460.1,WP_066254043.1,62.093,430,153,5,2,429,3,424,0.0,541,80.00
WP_032304460.1,WP_081816195.1,59.907,429,165,3,3,431,4,425,0.0,541,76.92
WP_032304460.1,WP_080736969.1,59.028,432,169,2,2,433,3,426,0.0,540,74.77
WP_032304460.1,WP_029413511.1,56.351,433,176,4,2,432,3,424,2.33e-179,511,74.13
WP_032304460.1,WP_107171665.1,56.120,433,177,4,2,432,3,424,6.45e-172,492,73.90
WP_032304460.1,WP_005793121.1,42.563,437,242,4,1,429,5,440,1.17e-120,362,62.93
WP_032304460.1,WP_192422405.1,48.426,413,189,5,2,413,3,392,3.00e-120,360,63.20
WP_032304460.1,WP_116604530.1,41.348,445,239,4,1,429,6,444,2.33e-117,354,59.10
WP_032304460.1,WP_056660670.1,41.781,438,244,5,2,430,6,441,2.26e-116,352,61.64
WP_032304460.1,WP_034689763.1,40.708,452,227,8,3,429,7,442,3.61e-114,346,60.62
WP_032304460.1,WP_066161113.1,41.216,444,240,4,1,430,5,441,4.57e-114,346,60.59
WP_032304460.1,WP_121943750.1,46.207,435,208,8,2,429,3,418,3.77e-113,343,60.92
WP_032304460.1,WP_066093296.1,41.309,443,238,6,1,429,5,439,7.25e-113,343,60.05
WP_032304460.1,WP_146869918.1,45.977,435,209,8,2,429,3,418,5.55e-112,340,60.69
WP_032304460.1,WP_090138274.1,46.684,392,178,5,2,392,3,364,2.71e-111,337,62.24
WP_032304460.1,WP_127806315.1,40.535,449,243,6,2,433,6,447,3.09e-111,338,59.69
WP_032304460.1,WP_135261246.1,44.444,396,202,5,2,394,3,383,6.85e-111,337,64.39
WP_032304460.1,WP_108329666.1,45.057,435,201,10,2,431,3,404,1.56e-110,335,59.77
WP_032304460.1,WP_210824359.1,46.292,391,181,5,2,392,3,364,2.08e-110,335,62.66
WP_032304460.1,WP_114470870.1,40.639,438,250,3,1,429,6,442,2.48e-110,336,58.90
WP_032304460.1,WP_108379834.1,44.700,434,204,8,2,431,3,404,4.96e-110,334,58.99
WP_032304460.1,WP_056898837.1,40.046,437,248,5,2,427,6,439,3.83e-109,334,59.50
WP_032304460.1,WP_021026195.1,46.891,386,174,5,2,387,3,357,4.74e-109,332,62.95
WP_032304460.1,WP_166308554.1,47.150,386,171,5,2,386,3,356,1.88e-108,330,61.92
WP_032304460.1,WP_187598228.1,48.579,387,166,8,2,387,3,357,5.15e-108,329,63.05
WP_032304460.1,WP_086911262.1,44.924,394,186,4,2,394,3,366,8.55e-108,328,60.41
WP_032304460.1,WP_166067415.1,47.409,386,170,6,2,386,3,356,1.55e-107,328,62.18
WP_032304460.1,WP_068175313.1,44.529,393,189,4,2,394,3,366,1.77e-107,327,62.34
WP_032304460.1,WP_184704556.1,45.897,390,178,5,2,390,3,360,3.35e-107,327,60.77
WP_032304460.1,WP_012655586.1,43.707,437,204,9,2,431,3,404,1.80e-106,325,58.81
WP_032304460.1,WP_135261238.1,39.450,436,249,7,1,425,11,442,1.91e-106,327,59.40
WP_032304460.1,WP_063887637.1,39.310,435,250,6,2,425,6,437,2.47e-106,327,60.23
WP_032304460.1,WP_087276650.1,45.596,386,179,5,2,387,3,357,6.93e-105,321,62.18
WP_032304460.1,WP_114971916.1,45.995,387,176,5,2,386,3,358,8.21e-105,321,61.24
WP_032304460.1,WP_060987666.1,46.234,385,176,6,3,387,4,357,2.30e-104,320,61.04
WP_032304460.1,WP_194942835.1,43.766,393,192,4,1,393,1,364,1.06e-103,318,60.31
WP_032304460.1,WP_121422379.1,45.844,397,174,7,3,394,4,364,1.17e-103,318,60.20
WP_032304460.1,WP_028605620.1,44.643,392,186,4,2,393,3,363,2.01e-103,317,59.69
WP_032304460.1,WP_079365337.1,45.736,387,179,5,2,387,3,359,2.08e-102,315,61.76
WP_032304460.1,WP_077333037.1,44.301,386,186,4,2,387,3,359,3.38e-102,314,60.10
WP_032304460.1,WP_194770163.1,44.898,392,185,6,2,393,3,363,3.58e-102,314,60.71
WP_032304460.1,WP_006297412.1,44.503,382,183,3,3,384,4,356,8.37e-102,313,58.90
WP_032304460.1,WP_210567928.1,42.239,393,198,3,2,394,3,366,2.75e-101,312,57.51
WP_032304460.1,WP_182326281.1,44.961,387,178,7,3,387,4,357,5.02e-101,311,61.24
WP_032304460.1,WP_107134062.1,45.153,392,182,8,2,392,3,362,8.53e-101,310,60.46
WP_032304460.1,WP_073356172.1,44.872,390,174,6,3,387,16,369,1.33e-100,310,60.26
WP_032304460.1,WP_168921115.1,44.133,392,185,7,2,392,3,361,2.73e-99,306,59.44
WP_032304460.1,WP_144732509.1,45.337,386,176,4,2,384,3,356,3.66e-99,306,59.07
WP_032304460.1,WP_128098803.1,45.692,383,177,6,2,384,3,354,1.27e-98,305,59.01
WP_032304460.1,WP_119012930.1,43.622,392,189,9,2,390,4,366,4.43e-98,304,61.22
WP_032304460.1,WP_015012429.1,59.259,243,99,0,2,244,3,245,4.08e-97,301,73.66
WP_032304460.1,WP_061500862.1,42.716,405,187,8,2,399,3,369,3.27e-96,299,57.78
WP_032304460.1,WP_141508508.1,37.442,430,249,4,1,430,5,414,9.61e-96,298,57.91
WP_032304460.1,WP_037472934.1,40.098,409,208,8,2,407,9,383,1.28e-95,298,58.68
WP_032304460.1,WP_106683138.1,42.602,392,193,10,2,390,20,382,1.11e-94,296,60.46
WP_032304460.1,WP_141835270.1,39.427,454,244,10,2,431,6,452,4.49e-90,285,55.29
WP_032304460.1,WP_074931597.1,39.207,454,245,10,2,431,6,452,6.48e-90,284,55.29
WP_032304460.1,WP_114484393.1,37.418,457,253,9,1,431,5,454,5.28e-87,277,54.27
WP_032304460.1,WP_096913975.1,35.092,436,263,7,1,428,5,428,1.68e-86,275,56.42
WP_032304460.1,WP_198819567.1,35.092,436,263,7,1,428,5,428,1.74e-86,275,56.42
WP_032304460.1,WP_126310937.1,35.321,436,262,7,1,428,5,428,4.63e-86,273,55.73
WP_032304460.1,WP_084027313.1,35.321,436,262,7,1,428,5,428,8.27e-86,273,55.50
WP_032304460.1,WP_121729673.1,37.336,458,251,9,1,431,5,453,4.14e-84,269,52.84
WP_032304460.1,WP_198424343.1,33.333,423,260,5,1,415,17,425,8.21e-82,263,55.79
WP_032304460.1,WP_008905260.1,35.886,457,257,8,1,431,5,451,1.08e-81,263,53.17
WP_032304460.1,WP_193782118.1,36.028,433,255,9,3,425,9,429,1.61e-80,259,54.50
WP_032304460.1,WP_099657979.1,38.043,460,246,11,1,431,5,454,1.98e-80,260,52.39
WP_032304460.1,WP_201685331.1,37.093,399,220,5,1,391,6,381,9.36e-80,258,56.39
WP_032304460.1,WP_136573028.1,34.204,421,256,7,1,415,5,410,1.10e-79,257,56.53
WP_032304460.1,WP_166302850.1,37.343,399,226,6,1,382,5,396,2.26e-79,256,56.64
WP_032304460.1,WP_082615451.1,37.084,391,227,6,3,390,6,380,5.66e-79,255,56.01
WP_032304460.1,WP_192425214.1,37.084,391,227,6,3,390,6,380,2.16e-78,254,55.50
WP_032304460.1,WP_158004145.1,36.829,391,228,6,3,390,6,380,2.71e-78,253,55.75
WP_032304460.1,WP_116926410.1,38.035,397,222,9,3,387,11,395,3.72e-78,253,57.68
WP_032304460.1,WP_107128747.1,35.349,430,265,8,3,427,7,428,4.99e-78,253,54.88
WP_032304460.1,WP_035198019.1,38.035,397,215,8,3,390,6,380,5.31e-78,253,56.17
WP_032304460.1,WP_011797160.1,37.852,391,224,10,3,387,12,389,5.93e-78,252,57.03
WP_032304460.1,WP_027011394.1,37.531,397,224,9,3,387,11,395,1.11e-77,252,57.43
WP_032304460.1,WP_141509379.1,51.502,233,111,1,3,235,6,236,1.59e-77,251,67.38
WP_032304460.1,WP_194772177.1,36.842,399,231,5,1,382,5,399,2.50e-77,251,55.39
WP_032304460.1,WP_166070019.1,37.374,396,230,7,1,390,6,389,2.99e-77,251,56.31
WP_032304460.1,WP_207373144.1,35.154,421,237,8,1,393,5,417,4.56e-77,251,54.39
WP_032304460.1,WP_187078241.1,34.956,452,259,12,2,425,7,451,5.21e-77,251,56.64
WP_032304460.1,WP_073354057.1,37.629,388,214,9,3,387,14,376,5.37e-77,249,57.47
WP_032304460.1,WP_035605076.1,35.347,447,260,10,1,423,6,447,7.46e-77,251,53.02
WP_032304460.1,WP_046059824.1,37.596,391,225,10,3,387,12,389,7.92e-77,249,56.78
WP_032304460.1,WP_180128926.1,35.238,420,249,9,3,410,5,413,1.19e-76,249,56.19
WP_032304460.1,WP_182325624.1,49.785,233,115,2,3,235,11,241,1.23e-76,249,72.10
WP_032304460.1,WP_133855774.1,38.168,393,223,11,3,387,13,393,1.31e-76,249,57.51
WP_032304460.1,WP_107158688.1,35.338,399,229,4,1,391,6,383,2.29e-76,248,57.39
WP_032304460.1,WP_110012481.1,38.303,389,215,9,1,387,8,373,4.18e-76,247,55.78
WP_032304460.1,WP_028602016.1,37.275,389,235,7,1,387,8,389,4.34e-76,248,55.53
WP_032304460.1,WP_099743010.1,50.644,233,113,2,3,235,16,246,5.38e-76,248,69.10
WP_032304460.1,WP_184705628.1,48.760,242,116,3,3,238,12,251,1.26e-75,247,70.25
WP_032304460.1,WP_007870187.1,39.216,357,188,6,1,349,5,340,1.43e-75,246,57.98
WP_032304460.1,WP_139351762.1,36.930,417,237,9,1,408,5,404,1.96e-75,246,56.59
WP_000905920.1,WP_104357764.1,43.611,360,200,2,26,382,11,370,1.41e-100,306,63.61
WP_000905920.1,WP_062190811.1,40.240,333,198,1,51,382,36,368,1.11e-82,261,64.86
WP_000905920.1,WP_205245334.1,35.135,370,238,2,14,382,6,374,4.16e-80,254,60.81
WP_000905920.1,WP_077345617.1,34.865,370,239,2,14,382,2,370,1.38e-79,253,60.54
WP_000905920.1,WP_019562181.1,39.701,335,199,1,51,382,36,370,1.41e-79,253,63.88
WP_000905920.1,WP_211371994.1,34.595,370,240,2,14,382,6,374,8.07e-79,251,60.27
WP_000905920.1,WP_207291211.1,34.595,370,240,2,14,382,6,374,1.61e-78,250,60.27
WP_000905920.1,WP_210607735.1,35.673,342,218,2,42,382,14,354,4.46e-77,246,61.40
WP_000905920.1,WP_076342690.1,34.831,356,229,2,30,382,12,367,3.11e-70,229,59.83
WP_000905920.1,WP_162989536.1,38.384,297,181,2,87,382,24,319,5.12e-63,209,60.27
WP_000905920.1,WP_051303628.1,37.026,343,212,4,43,382,38,379,4.34e-62,208,59.48
WP_000905920.1,WP_197022647.1,36.313,358,222,5,28,382,20,374,1.04e-61,207,59.22
WP_000905920.1,WP_099736670.1,34.844,353,227,3,32,382,25,376,3.22e-60,203,58.07
WP_000905920.1,WP_057092471.1,34.844,353,227,3,32,382,25,376,4.62e-60,202,58.07
WP_000905920.1,WP_149357230.1,34.844,353,227,3,32,382,25,376,4.72e-60,202,58.36
WP_000905920.1,WP_034362653.1,33.708,356,233,2,30,382,21,376,5.37e-60,202,58.43
WP_000905920.1,WP_034409730.1,35.014,357,227,4,30,382,21,376,1.04e-59,202,58.26
WP_000905920.1,WP_059440306.1,35.569,343,218,3,42,382,35,376,1.30e-59,201,58.60
WP_000905920.1,WP_039048962.1,35.014,357,227,4,30,382,21,376,1.51e-59,201,57.98
WP_000905920.1,WP_063663064.1,35.014,357,227,4,30,382,21,376,1.63e-59,201,57.98
WP_000905920.1,WP_179626308.1,34.270,356,231,2,30,382,21,376,3.22e-59,201,57.87
WP_000905920.1,WP_003054140.1,34.270,356,231,2,30,382,21,376,3.66e-59,200,58.43
WP_000905920.1,WP_182283104.1,35.014,357,227,4,30,382,21,376,4.07e-59,200,57.98
WP_000905920.1,WP_053281640.1,33.523,352,233,1,32,382,25,376,4.67e-59,200,58.24
WP_000905920.1,WP_135285467.1,31.180,356,242,3,28,382,16,369,5.41e-59,200,55.34
WP_000905920.1,WP_087082613.1,34.561,353,228,3,32,382,25,376,6.10e-59,200,58.07
WP_000905920.1,WP_202981150.1,35.196,358,226,5,28,382,20,374,7.80e-59,199,58.94
WP_000905920.1,WP_167002537.1,33.994,353,230,3,32,382,25,376,2.77e-58,198,58.36
WP_000905920.1,WP_043003766.1,33.239,352,234,1,32,382,25,376,7.06e-58,197,57.67
WP_000905920.1,WP_045839493.1,33.239,352,234,1,32,382,25,376,7.21e-58,197,57.67
WP_000905920.1,WP_187427947.1,32.955,352,235,1,32,382,25,376,8.28e-58,197,57.67
WP_000905920.1,WP_087864439.1,35.574,357,225,4,30,382,21,376,9.71e-58,197,59.38
WP_000905920.1,WP_034379451.1,33.994,353,230,3,32,382,25,376,1.09e-57,196,57.79
WP_000905920.1,WP_034358187.1,33.428,353,232,3,32,382,25,376,1.78e-57,196,58.07
WP_000905920.1,WP_012838761.1,35.294,357,226,4,30,382,21,376,1.98e-57,196,58.82
WP_000905920.1,WP_211456628.1,33.711,353,231,3,32,382,25,376,3.59e-57,195,57.51
WP_000905920.1,WP_034368046.1,32.670,352,236,1,32,382,25,376,1.49e-56,194,57.95
WP_000905920.1,WP_158387615.1,33.714,350,231,1,34,382,27,376,3.81e-56,192,58.57
WP_000905920.1,WP_052754990.1,29.275,386,252,4,5,382,56,428,1.52e-52,184,51.04
WP_000905920.1,WP_192671664.1,30.499,341,235,2,43,382,29,368,2.80e-52,182,58.36
WP_000905920.1,WP_207226404.1,29.942,344,237,2,42,382,58,400,1.85e-50,178,55.52
WP_000905920.1,WP_157046035.1,30.117,342,234,3,43,382,31,369,1.67e-49,175,55.56
WP_000905920.1,WP_104797214.1,28.280,343,242,3,43,382,45,386,2.37e-49,175,55.10
WP_000905920.1,WP_053175554.1,27.467,375,253,7,21,382,1,369,1.05e-35,138,49.87
WP_000905920.1,WP_193782230.1,26.575,365,261,5,21,382,9,369,4.95e-34,134,49.86
WP_000905920.1,WP_022775821.1,26.462,359,246,8,33,382,20,369,2.58e-33,132,48.75
WP_000905920.1,WP_103737869.1,28.090,356,246,6,31,382,13,362,4.78e-33,131,49.72
WP_000905920.1,WP_050871652.1,25.070,355,260,4,31,382,33,384,4.41e-32,129,50.42
WP_000905920.1,WP_187078355.1,25.065,383,275,5,3,382,4,377,7.65e-32,128,46.48
WP_000905920.1,WP_176669132.1,24.866,374,269,5,12,382,1,365,9.30e-32,127,49.73
WP_000905920.1,WP_104301207.1,28.032,371,247,9,24,382,22,384,9.55e-32,128,51.21
WP_000905920.1,WP_141567791.1,24.789,355,261,4,31,382,31,382,9.91e-32,128,50.42
WP_000905920.1,WP_208458705.1,24.352,386,277,6,3,382,6,382,3.15e-31,126,48.70
WP_000905920.1,WP_187427600.1,24.789,355,261,4,31,382,18,369,3.15e-31,126,49.30
WP_000905920.1,WP_108420870.1,26.891,357,245,7,32,380,30,378,3.54e-30,124,47.62
WP_000905920.1,WP_184277190.1,24.507,355,262,4,31,382,31,382,6.19e-30,123,49.01
WP_000905920.1,WP_114656406.1,24.332,374,271,5,12,382,20,384,1.46e-28,119,49.47
WP_000905920.1,WP_169419605.1,24.507,355,262,4,31,382,17,368,1.52e-28,119,48.45
WP_000905920.1,WP_210545500.1,25.000,356,259,5,31,382,18,369,7.08e-28,117,48.88
WP_000905920.1,WP_210930831.1,25.073,343,251,4,43,382,30,369,5.65e-27,114,49.56
WP_000905920.1,WP_108379549.1,25.210,357,257,4,33,382,13,366,1.04e-26,114,49.02
WP_000905920.1,WP_155886568.1,23.380,355,266,4,31,382,29,380,1.09e-26,114,49.86
WP_000905920.1,WP_172221152.1,23.944,355,258,5,33,381,20,368,7.27e-25,108,47.32
WP_000905920.1,WP_108411873.1,21.493,335,239,9,45,366,50,373,2.19e-07,57.8,39.10
WP_000905920.1,WP_108326746.1,24.066,241,164,6,141,377,134,359,8.06e-07,55.8,45.64
WP_000905920.1,WP_108406866.1,24.242,231,159,6,149,377,141,357,5.89e-06,53.1,46.75
WP_000905920.1,WP_090143118.1,25.000,232,157,6,149,377,142,359,8.75e-06,52.8,46.55
WP_000905920.1,WP_053176298.1,25.000,232,157,6,149,377,142,359,1.29e-05,52.4,46.12
WP_000905920.1,WP_043371476.1,23.387,248,151,9,138,368,241,466,1.53e-05,52.4,45.56
WP_000905920.1,WP_176064910.1,20.906,287,207,5,87,366,107,380,1.78e-05,52.0,43.21
WP_000905920.1,WP_108373045.1,20.588,204,160,1,147,350,137,338,3.45e-05,50.8,45.10
WP_000905920.1,WP_034359172.1,22.984,248,152,9,138,368,241,466,4.76e-05,50.8,45.56
WP_000905920.1,WP_011463536.1,24.675,231,158,8,149,377,140,356,7.94e-05,49.7,46.32
WP_000905920.1,WP_210546255.1,24.576,236,164,6,143,377,142,364,1.15e-04,49.3,44.49
WP_000905920.1,WP_029525634.1,22.685,216,150,5,149,358,249,453,2.83e-04,48.5,45.83
WP_000905920.1,WP_101103669.1,22.078,231,163,5,149,377,138,353,5.02e-04,47.4,44.16
WP_000905920.1,WP_108362709.1,23.504,234,158,7,149,377,141,358,5.69e-04,47.0,47.01
WP_000905920.1,WP_105749318.1,23.967,242,158,7,141,377,139,359,6.60e-04,47.0,42.56
WP_000905920.1,WP_062401851.1,22.167,203,151,3,149,351,140,335,6.90e-04,46.6,45.81
WP_000905920.1,WP_157256546.1,22.596,208,151,3,144,351,135,332,8.15e-04,46.6,43.75
WP_000905920.1,WP_089963055.1,21.387,346,240,10,45,377,56,382,0.001,45.8,39.31
WP_000905920.1,WP_105729896.1,22.078,231,163,4,149,377,144,359,0.002,45.4,44.16
WP_000905920.1,WP_161124519.1,23.377,231,160,5,149,377,144,359,0.002,45.4,43.29
WP_000905920.1,WP_056273554.1,21.086,313,167,7,129,366,104,411,0.002,45.4,39.30
WP_000905920.1,WP_196864129.1,22.222,216,151,5,149,358,249,453,0.003,45.1,44.91
WP_000905920.1,WP_117177175.1,21.302,338,224,12,12,334,1,311,0.003,44.3,44.38
WP_000905920.1,WP_066475588.1,29.630,162,75,6,18,174,20,147,0.004,44.3,43.83
WP_000905920.1,WP_120971774.1,28.505,214,108,10,30,240,25,196,0.006,43.5,42.52
WP_000905920.1,WP_019431305.1,22.335,197,140,4,149,342,141,327,0.006,43.9,47.72
WP_000905920.1,WP_093160594.1,25.561,223,149,5,150,366,252,463,0.006,44.3,43.95
WP_000905920.1,WP_108300689.1,19.932,296,208,7,87,377,97,368,0.008,43.5,43.92
WP_000905920.1,WP_077036792.1,19.524,210,161,2,142,351,139,340,0.009,43.5,43.81
WP_000905920.1,WP_082533035.1,22.907,227,160,5,141,365,125,338,0.009,43.1,42.73
WP_000905920.1,WP_158383707.1,30.220,182,86,9,30,209,34,176,0.010,42.7,43.96
WP_000905920.1,WP_124540568.1,19.925,266,199,4,118,370,115,379,0.010,43.1,42.11
WP_000905920.1,WP_082580223.1,21.250,240,173,5,142,380,120,344,0.012,42.7,42.92
WP_000905920.1,WP_055803689.1,20.000,225,169,3,144,365,246,462,0.012,43.1,45.78
WP_000905920.1,WP_184529059.1,24.569,232,163,5,139,366,237,460,0.014,43.1,45.26
WP_000905920.1,WP_106934508.1,23.784,185,130,3,192,373,301,477,0.017,42.7,45.95
WP_000905920.1,WP_081268280.1,23.810,189,133,3,188,373,297,477,0.018,42.7,45.50
WP_001546114.1,WP_132765905.1,54.043,507,222,4,58,558,95,596,0.0,557,73.37
WP_001546114.1,WP_062190808.1,53.465,505,228,4,58,558,72,573,0.0,556,72.87
WP_001546114.1,WP_104357765.1,54.472,492,222,2,68,558,106,596,0.0,555,74.59
WP_001546114.1,WP_019562182.1,51.670,509,231,5,58,558,72,573,0.0,554,73.48
WP_001546114.1,WP_135285466.1,47.732,507,251,4,62,558,77,579,5.19e-165,485,68.05
WP_001546114.1,WP_084824853.1,47.817,504,250,4,64,558,100,599,1.04e-162,480,68.45
WP_001546114.1,WP_114070873.1,46.833,521,257,6,55,556,38,557,8.86e-160,471,65.64
WP_001546114.1,WP_210607734.1,47.887,497,252,4,66,556,62,557,1.79e-159,471,67.61
WP_001546114.1,WP_202788252.1,48.008,502,248,4,66,558,94,591,1.90e-159,472,66.33
WP_001546114.1,WP_039048961.1,48.008,502,248,4,66,558,94,591,2.03e-159,471,66.33
WP_001546114.1,WP_134192578.1,47.686,497,253,4,66,556,17,512,1.17e-158,467,67.20
WP_001546114.1,WP_179626307.1,47.809,502,249,4,66,558,95,592,1.26e-158,469,66.33
WP_001546114.1,WP_063663062.1,47.809,502,249,4,66,558,95,592,1.42e-158,469,66.33
WP_001546114.1,WP_034409728.1,47.809,502,249,4,66,558,94,591,1.70e-158,469,66.14
WP_001546114.1,WP_059440305.1,47.809,502,249,4,66,558,94,591,1.92e-158,469,66.33
WP_001546114.1,WP_133936486.1,47.485,497,254,4,66,556,17,512,3.07e-158,466,67.20
WP_001546114.1,WP_034358184.1,47.809,502,249,4,66,558,95,592,4.23e-158,468,66.14
WP_001546114.1,WP_120970995.1,48.800,500,247,4,66,558,94,591,4.98e-158,468,65.40
WP_001546114.1,WP_151043657.1,47.485,497,254,4,66,556,17,512,5.06e-158,465,67.00
WP_001546114.1,WP_182283103.1,47.809,502,249,4,66,558,95,592,8.02e-158,468,66.14
WP_001546114.1,WP_058879717.1,47.485,497,254,4,66,556,17,512,9.20e-158,464,67.00
WP_001546114.1,WP_087082616.1,47.610,502,250,4,66,558,94,591,1.05e-157,467,65.94
WP_001546114.1,WP_057092470.1,47.809,502,249,4,66,558,94,591,1.73e-157,467,65.74
WP_001546114.1,WP_154165027.1,48.000,500,253,4,65,558,25,523,2.16e-157,464,67.00
WP_001546114.1,WP_148729542.1,47.809,502,249,4,66,558,95,592,2.70e-157,466,65.74
WP_001546114.1,WP_011485796.1,45.941,505,257,5,66,558,103,603,2.86e-157,466,67.72
WP_001546114.1,WP_043003817.1,47.809,502,249,4,66,558,93,590,3.43e-157,466,65.74
WP_001546114.1,WP_034368042.1,47.809,502,249,4,66,558,99,596,4.39e-157,466,65.94
WP_001546114.1,WP_043373430.1,47.610,502,250,4,66,558,95,592,4.96e-157,466,65.74
WP_001546114.1,WP_169335111.1,47.590,498,255,4,66,558,74,570,5.00e-157,465,66.27
WP_001546114.1,WP_190275131.1,47.809,502,249,4,66,558,95,592,5.12e-157,466,65.54
WP_001546114.1,WP_051519510.1,47.896,499,253,4,66,558,26,523,5.43e-157,463,66.73
WP_001546114.1,WP_053281641.1,47.809,502,249,4,66,558,94,591,7.17e-157,465,65.54
WP_001546114.1,WP_205244578.1,47.610,502,250,4,66,558,94,591,8.17e-157,465,65.74
WP_001546114.1,WP_099737924.1,47.012,502,253,4,66,558,17,514,1.75e-156,461,65.94
WP_001546114.1,WP_045839492.1,47.410,502,251,4,66,558,94,591,1.80e-156,464,66.14
WP_001546114.1,WP_211456627.1,47.400,500,254,4,66,558,94,591,6.27e-156,462,65.80
WP_001546114.1,WP_192671663.1,46.414,502,256,4,66,558,92,589,1.22e-155,462,66.53
WP_001546114.1,WP_034379449.1,47.410,502,251,4,66,558,94,591,1.53e-155,462,65.34
WP_001546114.1,WP_122231875.1,47.094,499,257,4,66,558,96,593,4.75e-155,461,67.33
WP_001546114.1,WP_087864438.1,47.012,502,253,4,66,558,62,559,1.62e-153,455,65.34
WP_001546114.1,WP_041744191.1,47.012,502,253,4,66,558,76,573,4.05e-153,455,65.34
WP_001546114.1,WP_080554205.1,47.012,502,253,4,66,558,95,592,6.58e-151,450,66.33
WP_001546114.1,WP_104797215.1,44.600,500,269,5,66,558,81,579,1.40e-148,443,65.60
WP_001546114.1,WP_158387617.1,46.414,502,256,4,66,558,97,594,1.09e-145,436,65.74
WP_001546114.1,WP_084455380.1,48.895,362,184,1,58,419,67,427,5.46e-114,351,66.57
WP_001546114.1,WP_195797645.1,28.063,506,321,14,90,558,141,640,1.48e-46,177,48.62
WP_001546114.1,WP_083748974.1,27.644,539,341,14,61,558,129,659,1.51e-44,172,47.50
WP_001546114.1,WP_133604376.1,27.337,567,362,18,29,558,95,648,9.41e-44,169,47.27
WP_001546114.1,WP_162250867.1,27.599,529,341,14,67,558,99,622,1.24e-43,169,46.88
WP_001546114.1,WP_199595460.1,27.736,530,339,16,67,558,121,644,3.06e-43,168,47.55
WP_001546114.1,WP_162247869.1,26.877,506,327,14,90,558,148,647,4.17e-39,156,46.44
WP_001546114.1,WP_165917726.1,27.559,508,322,14,89,558,127,626,1.31e-38,154,47.83
WP_001546114.1,WP_082580224.1,28.205,507,319,14,90,558,122,621,2.09e-38,154,46.94
WP_001546114.1,WP_144397228.1,27.011,522,307,16,90,558,168,668,6.49e-38,153,45.98
WP_001546114.1,WP_056273805.1,27.505,509,323,14,89,558,87,588,1.05e-37,151,46.37
WP_001546114.1,WP_147385112.1,27.451,510,320,15,90,558,165,665,6.50e-36,147,46.47
WP_001546114.1,WP_202428073.1,26.458,480,294,15,68,495,66,538,1.34e-26,119,45.00
WP_001546114.1,WP_105729910.1,25.417,480,299,14,68,495,11,483,7.23e-26,117,44.79
WP_001546114.1,WP_108414810.1,26.096,456,289,17,69,495,12,448,2.89e-24,112,46.49
WP_001546114.1,WP_108373043.1,25.696,467,301,15,68,506,144,592,7.27e-24,111,44.75
WP_001546114.1,WP_108373043.1,27.523,218,122,8,366,552,581,793,7.09e-07,57.8,46.33
WP_001546114.1,WP_108373015.1,23.488,562,354,16,11,516,38,579,8.44e-24,111,43.24
WP_001546114.1,WP_108373015.1,26.126,222,132,7,366,558,558,776,3.95e-05,52.0,45.95
WP_001546114.1,WP_090139156.1,24.740,481,288,15,68,506,134,582,1.66e-23,110,44.28
WP_001546114.1,WP_090139156.1,25.339,221,135,6,366,558,571,789,1.25e-05,53.5,45.70
WP_001546114.1,WP_158273284.1,31.034,203,135,4,68,267,18,218,1.85e-23,110,54.68
WP_001546114.1,WP_158273284.1,28.244,262,165,7,313,551,399,660,4.51e-15,83.6,44.66
WP_001546114.1,WP_105749338.1,25.052,479,302,14,68,495,11,483,4.94e-23,108,44.05
WP_001546114.1,WP_105749338.1,27.132,258,155,9,333,558,449,705,4.00e-04,48.9,44.19
WP_001546114.1,WP_104799664.1,26.170,470,273,16,90,495,146,605,1.51e-22,107,43.19
WP_001546114.1,WP_104799664.1,26.255,259,155,10,333,558,571,826,1.05e-09,66.6,46.72
WP_001546114.1,WP_053176299.1,24.364,472,301,15,68,506,134,582,1.77e-22,107,44.49
WP_001546114.1,WP_053176299.1,27.027,222,130,7,366,558,571,789,4.11e-05,52.0,45.05
WP_001546114.1,WP_101101522.1,23.840,474,294,15,68,495,53,505,3.15e-22,106,45.15
WP_001546114.1,WP_101101522.1,27.027,259,154,7,333,558,471,727,8.33e-10,67.0,44.02
WP_001546114.1,WP_045532974.1,24.781,456,290,16,68,492,11,444,5.31e-22,105,43.64
WP_001546114.1,WP_162911005.1,29.720,286,181,10,64,334,119,399,8.39e-22,105,51.05
WP_001546114.1,WP_162911005.1,26.641,259,152,9,333,555,570,826,3.26e-11,71.6,45.56
WP_001546114.1,WP_194944927.1,30.841,214,145,3,68,280,39,250,8.95e-22,101,50.93
WP_001546114.1,WP_158270635.1,27.241,290,186,5,13,280,26,312,1.01e-21,104,47.59
WP_001546114.1,WP_158270635.1,25.472,212,129,5,375,558,547,757,1.42e-06,56.6,46.70
WP_001546114.1,WP_187081816.1,24.145,468,307,14,68,506,117,565,1.35e-21,104,44.66
WP_001546114.1,WP_187081816.1,24.413,213,130,6,375,558,563,773,1.68e-05,53.1,44.13
WP_001546114.1,WP_146182748.1,28.922,204,138,5,68,267,119,319,1.67e-21,103,57.35
WP_001546114.1,WP_146182748.1,25.475,263,173,7,313,552,508,770,2.29e-12,75.1,46.39
WP_001546114.1,WP_119354246.1,25.200,500,292,21,64,495,119,604,2.19e-21,103,44.20
WP_001546114.1,WP_119354246.1,26.255,259,153,9,333,555,570,826,2.49e-10,68.9,45.17
WP_001546114.1,WP_090143140.1,24.153,472,302,14,68,506,107,555,2.55e-21,103,44.70
WP_001546114.1,WP_090143140.1,27.523,218,122,8,366,552,544,756,9.26e-07,57.4,45.87
WP_001546114.1,WP_089956436.1,31.308,214,144,3,68,280,136,347,6.24e-21,102,50.47
WP_001546114.1,WP_089956436.1,23.849,239,150,8,350,558,556,792,2.15e-06,56.2,47.70
WP_001546114.1,WP_108379249.1,30.841,214,145,3,68,280,136,347,7.26e-21,102,50.93
WP_001546114.1,WP_108379249.1,24.268,239,149,8,350,558,556,792,5.23e-07,58.2,48.12
WP_001546114.1,WP_146183932.1,24.837,459,294,15,68,495,139,577,1.32e-20,101,43.79
WP_001546114.1,WP_146183932.1,25.822,213,127,7,375,558,586,796,2.10e-08,62.8,47.89
WP_001546114.1,WP_092939240.1,32.632,190,121,5,64,248,7,194,2.98e-20,100,55.26
WP_001546114.1,WP_092939240.1,25.391,256,157,8,333,555,424,678,0.011,44.3,43.36
WP_001546114.1,WP_011464958.1,28.505,214,150,3,68,280,142,353,3.05e-20,100,52.34
WP_001546114.1,WP_011464958.1,25.701,214,123,8,375,558,640,847,3.49e-08,62.0,47.66
WP_001546114.1,WP_100133898.1,25.205,488,274,16,90,495,93,571,4.11e-20,99.8,41.19
WP_001546114.1,WP_100133898.1,25.483,259,157,9,333,558,537,792,2.00e-09,65.9,45.56
WP_001546114.1,WP_124540567.1,30.093,216,146,5,68,280,117,330,9.64e-20,98.6,52.31
WP_001546114.1,WP_124540567.1,26.459,257,156,10,333,558,558,812,5.57e-11,70.9,47.08
WP_001546114.1,WP_176064909.1,26.421,299,202,9,68,354,130,422,2.61e-19,97.4,48.49
WP_001546114.1,WP_176064909.1,28.125,160,91,7,422,558,704,862,1.06e-04,50.8,45.62
WP_001546114.1,WP_186511225.1,29.655,290,177,13,90,366,164,439,5.40e-19,96.3,48.62
WP_001546114.1,WP_186511225.1,25.806,279,165,9,312,551,602,877,5.05e-12,74.3,46.24
WP_001546114.1,WP_155820590.1,23.516,455,304,14,69,495,118,556,1.05e-18,95.5,44.40
WP_001546114.1,WP_155820590.1,22.648,287,177,10,314,558,497,780,8.16e-04,47.8,44.60
WP_001546114.1,WP_210547453.1,22.976,457,304,12,68,495,11,448,2.93e-18,93.6,43.54
WP_001546114.1,WP_158269443.1,31.250,192,129,3,90,280,148,337,2.02e-17,91.3,51.04
WP_001546114.1,WP_158269443.1,27.757,263,151,10,331,558,622,880,1.25e-10,69.7,47.53
WP_001546114.1,WP_100147521.1,25.915,355,207,11,90,411,146,477,6.17e-15,83.6,42.54
WP_001546114.1,WP_100147521.1,28.244,262,151,11,331,558,604,862,2.67e-11,72.0,47.71
WP_001546114.1,WP_117177173.1,28.095,210,133,5,68,268,53,253,6.55e-15,83.2,50.48
WP_001546114.1,WP_117177173.1,29.630,135,79,4,439,558,588,721,0.013,43.9,45.93
WP_001546114.1,WP_062407446.1,22.955,440,277,13,91,495,35,447,1.34e-13,79.0,42.27
WP_001546114.1,WP_062407446.1,23.223,211,135,6,375,558,456,666,0.002,47.0,45.97
WP_001546114.1,WP_104303941.1,27.461,193,134,6,90,278,25,215,1.75e-08,60.8,49.74
WP_001546114.1,WP_198150842.1,28.902,173,118,5,90,258,24,195,3.09e-08,60.1,50.87
WP_001546114.1,WP_066265880.1,34.234,111,71,2,91,200,28,137,6.22e-08,57.8,53.15
WP_001546114.1,WP_193387941.1,30.833,120,81,1,82,201,45,162,1.54e-07,57.8,50.83
WP_001546114.1,WP_201166506.1,33.333,111,72,2,91,200,27,136,2.27e-07,56.2,53.15
WP_001546114.1,WP_141512947.1,26.486,185,131,4,76,257,55,237,7.49e-07,55.8,45.41
WP_001546114.1,WP_193781265.1,25.714,245,160,10,90,322,62,296,1.09e-06,55.8,45.31
WP_001546114.1,WP_142814089.1,25.620,242,160,8,96,323,63,298,1.15e-06,55.8,43.39
WP_001546114.1,WP_169426581.1,25.108,231,141,8,89,302,2,217,1.38e-06,55.1,44.59


