,0,1,2,3,4,5,6,7,8,9,10,11,12,13,14
0,WP_001355482.1,WP_099737925.1,51.148,305,146,3,23,326,16,318,3.3300000000000004e-103,310.0,71.8,2035201,Comamonas sp. 26
1,WP_001355482.1,WP_122974749.1,50.164,305,149,3,23,326,16,318,1.32e-101,306.0,71.15,363952,Comamonas thiooxydans
2,WP_001355482.1,WP_148729658.1,49.836,305,150,3,23,326,16,318,5.51e-101,304.0,71.15,2601247,Comamonas sp. Z3
3,WP_001355482.1,WP_083927412.1,51.536,293,139,3,36,327,1,291,1.08e-100,302.0,72.35,491919,Brachymonas chironomi
4,WP_001355482.1,WP_211456619.1,51.943,283,134,2,45,326,37,318,7.07e-99,299.0,71.38,1812482,Comamonas sp. PE63
5,WP_001355482.1,WP_191818715.1,48.505,301,152,2,23,321,13,312,1.81e-97,295.0,71.43,2771427,Limnohabitans sp. JUR4
6,WP_001355482.1,WP_008904607.1,48.208,307,156,2,23,327,21,326,1.81e-96,293.0,68.73,512030,Acidovorax sp. NO-1
7,WP_001355482.1,WP_182119329.1,48.208,307,156,2,23,327,21,326,1.87e-96,293.0,68.73,12917,Acidovorax facilis
8,WP_001355482.1,WP_027016274.1,48.387,310,156,4,18,326,9,315,2.66e-96,292.0,70.0,408558,Comamonas composti
9,WP_001355482.1,WP_184276546.1,47.883,307,157,2,23,327,21,326,7.62e-96,291.0,69.38,32040,Acidovorax konjaci
10,WP_001355482.1,WP_184855340.1,46.58,307,161,2,23,327,18,323,1.47e-95,290.0,69.38,592050,Acidovorax soli
11,WP_001355482.1,WP_019431068.1,46.906,307,160,2,23,327,13,318,2.64e-95,290.0,68.73,1100721,Limnohabitans sp. Rim47
12,WP_001355482.1,WP_175502348.1,47.231,307,159,2,23,327,21,326,2.7499999999999997e-95,290.0,69.38,2743470,Acidovorax antarcticus
13,WP_001355482.1,WP_046741959.1,48.525,305,154,3,24,327,17,319,3.66e-95,289.0,71.48,1610491,Lampropedia cohaerens
14,WP_001355482.1,WP_116748419.1,47.883,307,157,2,23,327,21,326,3.7699999999999995e-95,289.0,68.4,2135634,Acidovorax sp. 99
15,WP_001355482.1,WP_108626139.1,47.231,307,159,2,23,327,21,326,4.9499999999999996e-95,289.0,68.08,2135638,Acidovorax sp. 107
16,WP_001355482.1,WP_180318430.1,46.815,314,164,2,16,327,14,326,5.17e-95,289.0,66.88,80866,Delftia acidovorans
17,WP_001355482.1,WP_046742766.1,48.208,307,156,2,23,327,22,327,6.149999999999999e-95,289.0,67.1,1610491,Lampropedia cohaerens
18,WP_001355482.1,WP_057271231.1,47.231,307,159,2,23,327,21,326,7.32e-95,289.0,69.38,1736505,Acidovorax sp. Root267
19,WP_001355482.1,WP_060986816.1,47.557,307,158,2,23,327,21,326,7.729999999999999e-95,288.0,68.08,47920,Acidovorax delafieldii
20,WP_001355482.1,WP_056056797.1,47.557,307,158,2,23,327,21,326,9.189999999999999e-95,288.0,68.4,2684926,unclassified Acidovorax
21,WP_001355482.1,WP_137745973.1,47.231,307,159,2,23,327,21,326,1.29e-94,288.0,68.4,1943571,Acidovorax sp. NB1
22,WP_001355482.1,WP_056742612.1,47.557,307,158,2,23,327,21,326,1.37e-94,288.0,68.08,12916,Acidovorax
23,WP_001355482.1,WP_192368514.1,46.497,314,165,2,16,327,14,326,1.6199999999999998e-94,288.0,66.88,2769279,Delftia sp. DLF01
24,WP_001355482.1,WP_044396163.1,47.231,307,159,2,23,327,21,326,1.69e-94,288.0,68.4,80878,Acidovorax temperans
25,WP_001355482.1,WP_105747180.1,45.511,323,168,3,7,327,6,322,1.79e-94,288.0,66.25,263067,Malikia granosa
26,WP_001355482.1,WP_056642111.1,46.906,307,160,2,23,327,21,326,1.7999999999999998e-94,288.0,67.75,1736590,Acidovorax sp. Root70
27,WP_001355482.1,WP_121941454.1,47.557,307,158,2,23,327,21,326,1.9499999999999998e-94,288.0,68.4,2135635,Acidovorax sp. 100
28,WP_001355482.1,WP_010464880.1,47.231,307,159,2,23,327,21,326,1.97e-94,288.0,69.06,12916,Acidovorax
29,WP_001355482.1,WP_110960670.1,47.231,307,159,2,23,327,21,326,2.17e-94,287.0,68.08,2219062,Acidovorax sp. ST3
30,WP_001355482.1,WP_198846972.1,47.231,307,159,2,23,327,21,326,2.2199999999999998e-94,287.0,68.4,2779366,Acidovorax sp. IB03
31,WP_001355482.1,WP_108499541.1,47.557,307,158,2,23,327,21,326,2.39e-94,287.0,68.08,2056855,Acidovorax sp. HMWF018
32,WP_001355482.1,WP_209816730.1,47.231,307,159,2,23,327,21,326,2.45e-94,287.0,68.08,2817729,Acidovorax sp. BE320
33,WP_001355482.1,WP_123694784.1,46.497,314,165,2,16,327,14,326,2.55e-94,287.0,67.2,80866,Delftia acidovorans
34,WP_001355482.1,WP_055401243.1,47.557,307,158,2,23,327,21,326,2.55e-94,287.0,68.08,1690268,Acidovorax sp. SD340
35,WP_001355482.1,WP_121421701.1,47.557,307,158,2,23,327,21,326,2.58e-94,287.0,67.75,2135633,Acidovorax sp. 94
36,WP_001355482.1,WP_066538347.1,47.678,323,160,3,7,327,13,328,2.9399999999999996e-94,287.0,68.11,283,Comamonas
37,WP_001355482.1,WP_015016404.1,46.906,307,160,2,23,327,21,326,2.9399999999999996e-94,287.0,68.4,358220,Acidovorax sp. KKS102
38,WP_001355482.1,WP_013804807.1,46.497,314,165,2,16,327,14,326,3.11e-94,287.0,66.88,80865,Delftia
39,WP_001355482.1,WP_108362364.1,47.195,303,157,2,23,323,13,314,3.3299999999999996e-94,286.0,68.65,1977910,Limnohabitans sp. Bal53
40,WP_001355482.1,WP_142082836.1,47.231,307,159,2,23,327,21,326,3.7799999999999996e-94,287.0,68.4,80878,Acidovorax temperans
41,WP_001355482.1,WP_121508087.1,47.557,307,158,2,23,327,21,326,3.86e-94,287.0,67.75,2135632,Acidovorax sp. 93
42,WP_001355482.1,WP_176887617.1,47.231,307,159,2,23,327,21,326,3.86e-94,287.0,68.08,2518343,Acidovorax sp. JMULE5
43,WP_001355482.1,WP_034397490.1,46.497,314,165,2,16,327,14,326,4.1699999999999997e-94,287.0,66.56,80865,Delftia
44,WP_001355482.1,WP_183018750.1,46.497,314,165,2,16,327,14,326,4.2599999999999997e-94,287.0,66.88,80865,Delftia
45,WP_001355482.1,WP_194943082.1,47.231,307,159,2,23,327,13,318,4.52e-94,286.0,67.43,1100705,Limnohabitans sp. 2KL-27
46,WP_001355482.1,WP_199220078.1,47.231,307,159,2,23,327,13,318,4.61e-94,286.0,67.75,1597956,Limnohabitans sp. Hippo3
47,WP_001355482.1,WP_063461445.1,46.906,307,160,2,23,327,21,326,5.29e-94,286.0,68.4,1813946,Acidovorax sp. GW101-3H11
48,WP_001355482.1,WP_186457724.1,45.928,307,163,2,23,327,18,323,6.31e-94,286.0,69.06,758826,Acidovorax radicis
49,WP_001355482.1,WP_207374386.1,46.906,307,160,2,23,327,21,326,6.65e-94,286.0,68.4,80878,Acidovorax temperans
50,WP_001355482.1,WP_199225006.1,47.855,303,155,2,23,323,13,314,6.749999999999999e-94,286.0,67.99,1977911,Limnohabitans sp. 2KL-51
51,WP_001355482.1,WP_104301363.1,47.267,311,161,2,19,327,15,324,7.84e-94,286.0,66.24,1452508,Zhizhongheella caldifontis
52,WP_001355482.1,WP_082027336.1,45.513,312,167,2,18,327,34,344,8.42e-94,286.0,68.27,1458426,Serpentinomonas mccroryi
53,WP_001355482.1,WP_012207848.1,46.497,314,165,2,16,327,14,326,1.16e-93,286.0,66.24,80866,Delftia acidovorans
54,WP_001355482.1,WP_045532307.1,46.154,312,165,2,18,327,28,338,1.57e-93,286.0,68.27,1458425,Serpentinomonas raichei
55,WP_001355482.1,WP_124509734.1,46.58,307,161,2,23,327,21,326,1.64e-93,285.0,68.4,2153365,Acidovorax sp. FJL06
56,WP_001355482.1,WP_088166396.1,46.178,314,166,2,16,327,14,326,1.6799999999999999e-93,285.0,66.24,1472718,Delftia sp. K82
57,WP_001355482.1,WP_162017899.1,46.906,307,160,2,23,327,21,326,1.93e-93,285.0,68.08,2699468,Acidovorax sp. 210-6
58,WP_001355482.1,WP_100408617.1,47.231,307,159,2,23,327,21,326,2.3e-93,285.0,68.73,2035202,Acidovorax sp. 69
59,WP_001355482.1,WP_007856742.1,45.603,307,164,2,23,327,18,323,2.68e-93,285.0,68.73,2684926,unclassified Acidovorax
60,WP_001355482.1,WP_089961488.1,46.535,303,159,2,23,323,13,314,2.87e-93,284.0,68.98,1100700,Limnohabitans sp. 2KL-3
61,WP_001355482.1,WP_026039506.1,46.535,303,159,2,23,323,13,314,3.89e-93,284.0,68.65,1100720,Limnohabitans sp. Rim28
62,WP_001355482.1,WP_094289861.1,46.254,307,162,2,23,327,21,326,4.04e-93,284.0,68.4,2004485,Acidovorax kalamii
63,WP_001355482.1,WP_182285066.1,47.5,320,164,3,11,327,8,326,4.66e-93,284.0,65.94,285,Comamonas testosteroni
64,WP_001355482.1,WP_105728757.1,45.201,323,169,3,7,327,6,322,5.0899999999999995e-93,284.0,65.63,86180,Malikia spinosa
65,WP_001355482.1,WP_003066843.1,47.5,320,164,3,11,327,8,326,5.85e-93,284.0,65.94,283,Comamonas
66,WP_001355482.1,WP_057266948.1,45.277,307,165,2,23,327,21,326,6.52e-93,284.0,69.06,1736493,Acidovorax sp. Root219
67,WP_001355482.1,WP_108377200.1,46.535,303,159,2,23,323,13,314,6.55e-93,283.0,68.98,1100726,Limnohabitans sp. WS1
68,WP_001355482.1,WP_158387899.1,47.812,320,163,3,11,327,8,326,7.76e-93,283.0,65.94,285,Comamonas testosteroni
69,WP_001355482.1,WP_196986810.1,49.11,281,141,1,45,323,39,319,8.669999999999999e-93,283.0,70.11,2793270,Caenimonas sp. DR4.4
70,WP_001355482.1,WP_045476570.1,45.833,312,166,2,18,327,28,338,9.97e-93,284.0,68.27,1458425,Serpentinomonas raichei
71,WP_001355482.1,WP_042422147.1,47.231,307,159,2,23,327,21,326,1.24e-92,283.0,68.4,290309,Comamonas granuli
72,WP_001355482.1,WP_177136712.1,45.714,315,164,4,13,321,6,319,1.35e-92,283.0,67.94,2610898,Hydrogenophaga aromaticivorans
73,WP_001355482.1,WP_063662371.1,47.188,320,165,3,11,327,8,326,1.3799999999999999e-92,283.0,65.94,363952,Comamonas thiooxydans
74,WP_001355482.1,WP_199139649.1,46.178,314,166,2,16,327,14,326,1.43e-92,283.0,66.24,2795113,Delftia sp. ASV31
75,WP_001355482.1,WP_034351000.1,47.188,320,165,3,11,327,8,326,1.64e-92,283.0,65.94,283,Comamonas
76,WP_001355482.1,WP_057200541.1,45.277,307,165,2,23,327,21,326,1.68e-92,283.0,69.06,1736492,Acidovorax sp. Root217
77,WP_001355482.1,WP_100172482.1,46.254,307,162,2,23,327,13,318,1.76e-92,282.0,67.1,1100706,Limnohabitans sp. 15K
78,WP_001355482.1,WP_210823673.1,45.714,315,164,4,13,321,6,319,1.79e-92,283.0,67.62,2610898,Hydrogenophaga aromaticivorans
79,WP_001355482.1,WP_151044215.1,46.58,307,161,2,23,327,21,326,1.87e-92,283.0,69.38,225992,Comamonas kerstersii
80,WP_001355482.1,WP_087085631.1,47.188,320,165,3,11,327,8,326,2.09e-92,282.0,66.25,285,Comamonas testosteroni
81,WP_001355482.1,WP_043004579.1,47.188,320,165,3,11,327,8,326,2.1799999999999998e-92,282.0,66.88,285,Comamonas testosteroni
82,WP_001355482.1,WP_010101569.1,46.58,307,161,2,23,327,21,326,2.28e-92,282.0,67.75,1110389,Verminephrobacter aporrectodeae
83,WP_001355482.1,WP_056171484.1,46.906,307,160,2,23,327,21,326,2.43e-92,282.0,68.08,1736237,Acidovorax sp. Leaf78
84,WP_001355482.1,WP_108329365.1,46.205,303,160,2,23,323,13,314,2.78e-92,282.0,68.98,1100699,Limnohabitans sp. 2KL-1
85,WP_001355482.1,WP_174863546.1,47.883,307,157,2,23,327,21,326,3.15e-92,282.0,68.4,1194168,Comamonas jiangduensis
86,WP_001355482.1,WP_149355416.1,47.188,320,165,3,11,327,8,326,3.37e-92,282.0,66.56,285,Comamonas testosteroni
87,WP_001355482.1,WP_121453639.1,46.906,307,160,2,23,327,21,326,4.14e-92,281.0,68.73,2135637,Acidovorax sp. 106
88,WP_001355482.1,WP_191721931.1,46.624,311,163,2,19,327,17,326,4.14e-92,281.0,67.85,2638500,unclassified Comamonas
89,WP_001355482.1,WP_054065390.1,46.58,307,161,2,23,327,21,326,4.14e-92,281.0,69.38,225992,Comamonas kerstersii
90,WP_001355482.1,WP_211458211.1,46.875,320,166,3,11,327,8,326,4.76e-92,281.0,67.19,1812482,Comamonas sp. PE63
91,WP_001355482.1,WP_161124450.1,44.892,323,170,3,7,327,6,322,4.83e-92,281.0,65.33,86180,Malikia spinosa
92,WP_001355482.1,WP_087748077.1,45.768,319,169,3,12,327,7,324,5.8e-92,281.0,65.83,2684926,unclassified Acidovorax
93,WP_001355482.1,WP_086121742.1,46.382,304,157,3,23,321,17,319,6.39e-92,281.0,67.76,1985170,Hydrogenophaga sp. IBVHS2
94,WP_001355482.1,WP_011807965.1,45.928,307,163,2,23,327,21,326,6.46e-92,281.0,68.4,364317,Verminephrobacter eiseniae
95,WP_001355482.1,WP_099742409.1,47.231,307,159,2,23,327,21,326,6.82e-92,281.0,68.08,2035203,Acidovorax sp. 62
96,WP_001355482.1,WP_197275269.1,46.205,303,160,2,23,323,13,314,8.25e-92,281.0,68.65,1678128,Limnohabitans sp. 63ED37-2
97,WP_001355482.1,WP_199220269.1,46.254,307,162,2,23,327,13,318,9.61e-92,280.0,68.4,1100725,Limnohabitans sp. T6-20
98,WP_001355482.1,WP_057597892.1,47.436,312,161,2,18,327,1,311,1.02e-91,280.0,66.03,34073,Variovorax paradoxus
99,WP_001355482.1,WP_099657118.1,47.231,307,159,2,23,327,21,326,1.41e-91,280.0,68.08,2684926,unclassified Acidovorax
100,WP_000011612.1,WP_145894153.1,57.317,246,103,2,1,244,1,246,4.82e-89,268.0,67.89,2596921,Caenimonas sp. HX-9-20
101,WP_000011612.1,WP_068639864.1,55.918,245,105,2,3,244,6,250,8.52e-89,267.0,68.16,376815,Variovorax soli
102,WP_000011612.1,WP_201688019.1,56.275,247,106,2,1,245,1,247,1.91e-88,266.0,68.83,2039631,Ramlibacter alkalitolerans
103,WP_000011612.1,WP_193778885.1,56.275,247,106,2,1,245,1,247,2.22e-88,266.0,68.02,2780094,Ramlibacter aquaticus
104,WP_000011612.1,WP_093107757.1,54.183,251,111,2,1,247,1,251,2.25e-88,266.0,67.33,1882774,Variovorax sp. CF079
105,WP_000011612.1,WP_141509941.1,55.466,247,108,2,1,245,1,247,3.68e-88,266.0,68.42,1882741,Ramlibacter sp. WS9
106,WP_000011612.1,WP_006298931.1,55.6,250,102,4,4,244,5,254,9.840000000000001e-88,265.0,68.4,80880,Hylemonella gracilis
107,WP_000011612.1,WP_135248232.1,56.68,247,105,2,1,245,32,278,1.14e-87,265.0,68.02,2530451,Ramlibacter sp. 18x22-1
108,WP_000011612.1,WP_104302886.1,55.466,247,108,2,1,245,1,247,1.89e-87,264.0,68.42,1452508,Zhizhongheella caldifontis
109,WP_000011612.1,WP_130371743.1,56.735,245,103,2,3,244,11,255,3.65e-87,263.0,66.94,663243,unclassified Variovorax
110,WP_000011612.1,WP_135265143.1,56.275,247,106,2,1,245,1,247,4.11e-87,263.0,66.4,204072,Ramlibacter henchirensis
111,WP_000011612.1,WP_184524207.1,54.251,247,109,2,3,245,7,253,4.29e-87,263.0,68.83,663243,unclassified Variovorax
112,WP_000011612.1,WP_068679559.1,54.618,249,109,2,1,245,1,249,4.58e-87,263.0,67.07,663243,unclassified Variovorax
113,WP_000011612.1,WP_057596377.1,55.02,249,108,2,1,245,1,249,5.95e-87,263.0,66.67,34073,Variovorax paradoxus
114,WP_000011612.1,WP_153585752.1,54.656,247,110,2,1,245,1,247,6.78e-87,262.0,68.02,367474,Caenimonas koreensis
115,WP_000011612.1,WP_208510904.1,55.02,249,108,2,1,245,1,249,8.26e-87,262.0,66.27,34073,Variovorax paradoxus
116,WP_000011612.1,WP_203201172.1,55.02,249,108,2,1,245,1,249,1.2e-86,262.0,66.27,34072,Variovorax
117,WP_000011612.1,WP_082702336.1,54.839,248,111,1,1,247,42,289,1.2700000000000001e-86,263.0,68.15,433924,Pseudacidovorax intermedius
118,WP_000011612.1,WP_192673755.1,55.87,247,107,2,1,245,1,247,1.29e-86,262.0,65.59,2663806,Ramlibacter sp. OAE822
119,WP_000011612.1,WP_210605846.1,52.988,251,115,2,1,248,1,251,1.79e-86,261.0,67.73,225992,Comamonas kerstersii
120,WP_000011612.1,WP_019559366.1,54.065,246,111,2,1,244,1,246,1.81e-86,261.0,68.7,196015,Caldimonas manganoxidans
121,WP_000011612.1,WP_093241082.1,53.815,249,111,2,1,245,1,249,1.94e-86,261.0,67.07,1566270,Variovorax sp. EL159
122,WP_000011612.1,WP_088956853.1,54.656,247,108,2,3,245,7,253,2.02e-86,261.0,68.02,1034889,Variovorax sp. HW608
123,WP_000011612.1,WP_162587213.1,54.217,249,110,2,1,245,1,249,2.41e-86,261.0,67.47,662548,Variovorax sp. RA8
124,WP_000011612.1,WP_124462577.1,54.217,249,110,2,1,245,1,249,2.8e-86,261.0,65.86,2153358,Variovorax sp. KBW07
125,WP_000011612.1,WP_169419743.1,55.285,246,108,2,1,244,1,246,3.26e-86,261.0,68.7,2728837,Ramlibacter sp. G-1-2-2
126,WP_000011612.1,WP_093379024.1,56.327,245,104,2,3,244,8,252,3.4900000000000004e-86,261.0,66.53,1882825,Variovorax sp. OV329
127,WP_000011612.1,WP_106559533.1,54.217,249,110,2,1,245,1,249,3.53e-86,261.0,67.07,1105204,Variovorax sp. WS11
128,WP_000011612.1,WP_013901522.1,54.251,247,111,2,1,245,1,247,3.8900000000000004e-86,260.0,68.83,94132,Ramlibacter tataouinensis
129,WP_000011612.1,WP_062195799.1,54.065,246,111,2,1,244,1,246,4.11e-86,260.0,68.29,307483,Caldimonas taiwanensis
130,WP_000011612.1,WP_132737568.1,55.466,247,103,3,3,244,6,250,5.5800000000000006e-86,260.0,67.21,2135732,Variovorax sp. BT01
131,WP_000011612.1,WP_106704138.1,53.846,247,111,2,1,244,1,247,6.4200000000000004e-86,260.0,67.21,2109914,Ottowia oryzae
132,WP_000011612.1,WP_119551439.1,53.815,249,111,2,1,245,1,249,7.33e-86,260.0,66.67,1675792,Acidovorax cavernicola
133,WP_000011612.1,WP_093160394.1,53.414,249,112,2,1,245,1,249,9.73e-86,259.0,66.67,1882828,Variovorax sp. YR216
134,WP_000011612.1,WP_062471513.1,53.414,249,112,2,1,245,1,249,2.1100000000000002e-85,259.0,66.27,436515,Variovorax boronicumulans
135,WP_000011612.1,WP_095745204.1,54.217,249,110,3,1,245,1,249,2.1600000000000002e-85,259.0,67.47,436515,Variovorax boronicumulans
136,WP_000011612.1,WP_187110570.1,54.183,251,107,3,1,245,1,249,2.28e-85,259.0,66.14,2762322,Variovorax sp. PAMC26660
137,WP_000011612.1,WP_048438558.1,55.061,247,109,2,1,245,1,247,2.71e-85,258.0,66.8,1450524,Caenimonas sp. SL110
138,WP_000011612.1,WP_093216318.1,53.414,249,112,2,1,245,1,249,2.7700000000000003e-85,258.0,66.27,663243,unclassified Variovorax
139,WP_000011612.1,WP_193676740.1,55.285,246,108,2,1,244,1,246,3.3000000000000003e-85,258.0,67.07,2780087,Ramlibacter sp. HM2
140,WP_000011612.1,WP_126835467.1,53.414,249,112,2,1,245,1,249,3.3000000000000003e-85,258.0,66.67,2495593,Variovorax sp. MHTC-1
141,WP_000011612.1,WP_106934677.1,54.183,251,107,3,1,245,1,249,3.68e-85,258.0,66.14,663243,unclassified Variovorax
142,WP_000011612.1,WP_093342224.1,54.217,249,110,2,1,245,1,249,3.76e-85,258.0,65.86,1882827,Variovorax sp. PDC80
143,WP_000011612.1,WP_187081084.1,55.691,246,107,2,1,244,1,246,4.11e-85,258.0,67.48,2079448,Ramlibacter sp. GTP1
144,WP_000011612.1,WP_076997241.1,54.217,249,110,2,1,245,1,249,4.29e-85,258.0,65.46,1855728,Variovorax sp. KK3
145,WP_000011612.1,WP_057296432.1,57.143,245,99,2,1,244,1,240,4.4300000000000004e-85,258.0,67.35,1736430,Pelomonas sp. Root1217
146,WP_000011612.1,WP_201674044.1,53.846,247,112,2,1,245,1,247,6.43e-85,257.0,67.61,1926872,Ramlibacter monticola
147,WP_000011612.1,WP_093129925.1,53.414,249,112,2,1,245,1,249,6.570000000000001e-85,258.0,65.86,1855317,Variovorax sp. OK605
148,WP_000011612.1,WP_070060548.1,53.414,249,112,2,1,245,1,249,9.01e-85,257.0,66.27,436515,Variovorax boronicumulans
149,WP_000011612.1,WP_101493045.1,53.414,249,112,2,1,245,1,249,1.15e-84,257.0,66.27,2066034,Variovorax sp. RO1
150,WP_000011612.1,WP_162575230.1,53.815,249,111,2,1,245,1,249,1.25e-84,256.0,66.67,434009,Variovorax sp. PBL-H6
151,WP_000011612.1,WP_028250133.1,54.656,247,108,3,3,245,5,251,1.35e-84,256.0,66.8,1380385,Variovorax sp. URHB0020
152,WP_000011612.1,WP_055897026.1,54.656,247,110,2,1,245,1,247,1.5e-84,256.0,65.59,1736365,Ramlibacter sp. Leaf400
153,WP_000011612.1,WP_035606690.1,53.414,249,107,3,5,244,6,254,1.59e-84,256.0,67.47,80880,Hylemonella gracilis
154,WP_000011612.1,WP_140838590.1,56.148,244,104,2,3,245,5,246,1.6599999999999999e-84,256.0,66.39,34072,Variovorax
155,WP_000011612.1,WP_130423094.1,53.386,251,109,3,1,245,1,249,1.85e-84,256.0,65.74,2512152,Variovorax sp. BK460
156,WP_000011612.1,WP_038209191.1,54.8,250,110,2,1,247,1,250,1.96e-84,256.0,67.2,151755,Xenophilus azovorans
157,WP_000011612.1,WP_019652460.1,54.286,245,107,2,1,240,1,245,2.25e-84,256.0,66.53,34073,Variovorax paradoxus
158,WP_000011612.1,WP_199592333.1,56.225,249,106,3,1,248,1,247,2.74e-84,256.0,67.47,2663801,Pelomonas sp. OAE585
159,WP_000011612.1,WP_099796836.1,53.012,249,113,2,1,245,1,249,2.77e-84,256.0,65.86,2035212,Variovorax sp. 54
160,WP_000011612.1,WP_086922814.1,53.815,249,111,2,1,245,27,275,2.88e-84,256.0,66.67,1851577,Variovorax sp. JS1663
161,WP_000011612.1,WP_119045678.1,57.551,245,98,2,1,244,1,240,2.93e-84,255.0,67.76,2135721,Pelomonas sp. BT06
162,WP_000011612.1,WP_056581224.1,53.815,249,111,3,1,245,1,249,3.19e-84,256.0,67.07,1736541,Variovorax sp. Root473
163,WP_000011612.1,WP_131279897.1,54.0,250,106,4,4,244,5,254,3.89e-84,256.0,67.2,80880,Hylemonella gracilis
164,WP_000011612.1,WP_055360838.1,53.469,245,112,2,2,244,4,248,4.02e-84,255.0,66.12,2626134,unclassified Limnohabitans
165,WP_000011612.1,WP_139706571.1,53.012,249,113,2,1,245,1,249,4.11e-84,255.0,65.86,2578111,Variovorax sp. KBS0712
166,WP_000011612.1,WP_153284411.1,53.012,249,113,2,1,245,1,249,4.78e-84,255.0,65.86,34073,Variovorax paradoxus
167,WP_000011612.1,WP_088483214.1,57.959,245,97,2,1,244,1,240,6.01e-84,254.0,66.53,431059,Pelomonas puraquae
168,WP_000011612.1,WP_187078152.1,54.878,246,109,2,1,244,1,246,6.49e-84,255.0,66.26,2764187,Ramlibacter sp. USB13
169,WP_000011612.1,WP_171558027.1,54.065,246,111,2,1,244,1,246,6.71e-84,255.0,66.26,2732512,Ramlibacter sp. B156
170,WP_000011612.1,WP_056518722.1,53.012,249,113,2,1,245,1,249,7.479999999999999e-84,255.0,65.06,1736530,Variovorax sp. Root411
171,WP_000011612.1,WP_162567480.1,52.59,251,115,3,1,247,2,252,7.73e-84,254.0,66.53,282217,Variovorax sp. SRS16
172,WP_000011612.1,WP_081270373.1,53.785,251,108,3,1,245,1,249,8.25e-84,254.0,65.74,34073,Variovorax paradoxus
173,WP_000011612.1,WP_095947711.1,53.012,249,113,2,1,245,1,249,9.409999999999999e-84,254.0,65.86,436515,Variovorax boronicumulans
174,WP_000011612.1,WP_126181950.1,53.878,245,108,2,1,240,1,245,9.62e-84,254.0,66.12,1705714,Variovorax sp. 369
175,WP_000011612.1,WP_017756994.1,54.286,245,111,1,1,244,1,245,1.1e-83,254.0,65.71,433924,Pseudacidovorax intermedius
176,WP_000011612.1,WP_184603568.1,53.878,245,108,2,1,240,1,245,1.18e-83,254.0,66.12,2586973,Variovorax sp. BK613
177,WP_000011612.1,WP_145758545.1,53.878,245,108,2,1,240,1,245,1.41e-83,254.0,66.12,2587049,Variovorax sp. 1180
178,WP_000011612.1,WP_162592595.1,52.59,251,115,3,1,247,2,252,1.49e-83,254.0,66.53,434014,Variovorax sp. PBL-E5
179,WP_000011612.1,WP_132751116.1,53.878,245,108,2,1,240,1,245,1.52e-83,254.0,66.12,663243,unclassified Variovorax
180,WP_000011612.1,WP_183023639.1,55.02,249,108,2,1,245,3,251,1.52e-83,254.0,67.07,1862326,Variovorax sp. UMC13
181,WP_000011612.1,WP_061494888.1,52.846,246,114,2,1,244,1,246,1.75e-83,254.0,66.67,94132,Ramlibacter tataouinensis
182,WP_000011612.1,WP_041943710.1,52.61,249,114,2,1,245,1,249,2.16e-83,254.0,65.46,34073,Variovorax paradoxus
183,WP_000011612.1,WP_056873540.1,57.143,245,99,2,1,244,1,240,2.33e-83,253.0,67.76,1736464,Pelomonas sp. Root1444
184,WP_000011612.1,WP_176657716.1,53.226,248,112,2,2,245,6,253,2.43e-83,254.0,65.32,2587118,Variovorax sp. SG533
185,WP_000011612.1,WP_192196602.1,52.61,249,114,2,1,245,1,249,2.57e-83,253.0,65.46,2774875,Variovorax sp. 38R
186,WP_000011612.1,WP_187055078.1,50.988,253,115,2,2,245,9,261,2.8e-83,254.0,67.59,2762323,Variovorax sp. PAMC28562
187,WP_000011612.1,WP_126024052.1,53.061,245,110,2,1,240,1,245,3.33e-83,253.0,66.53,1775474,Variovorax guangxiensis
188,WP_000011612.1,WP_121694249.1,53.2,250,114,2,1,247,1,250,3.37e-83,253.0,66.0,2282216,Xenophilus sp. E41
189,WP_000011612.1,WP_159271905.1,52.61,249,114,2,1,245,1,249,3.41e-83,253.0,65.46,436515,Variovorax boronicumulans
190,WP_000011612.1,WP_125951532.1,53.012,249,113,2,1,245,1,249,3.41e-83,253.0,65.46,663243,unclassified Variovorax
191,WP_000011612.1,WP_028605556.1,54.251,247,110,2,1,244,1,247,3.84e-83,253.0,66.4,219182,Ottowia thiooxydans
192,WP_000011612.1,WP_108135378.1,53.012,249,113,2,1,245,1,249,4.06e-83,253.0,65.46,663243,unclassified Variovorax
193,WP_000011612.1,WP_055796813.1,52.61,249,114,2,1,245,1,249,4.83e-83,253.0,65.46,1736513,Variovorax sp. Root318D1
194,WP_000011612.1,WP_162581080.1,53.012,249,113,2,1,245,1,249,4.99e-83,253.0,66.27,434008,Variovorax sp. PBS-H4
195,WP_000011612.1,WP_114804105.1,54.286,245,111,1,1,244,1,245,6.21e-83,252.0,65.71,433924,Pseudacidovorax intermedius
196,WP_000011612.1,WP_157398946.1,53.659,246,112,2,1,244,1,246,1.0399999999999999e-82,252.0,65.04,2617605,unclassified Ramlibacter
197,WP_000011612.1,WP_093435190.1,53.012,249,113,2,1,245,1,249,1.18e-82,252.0,65.46,1566271,Variovorax sp. 770b2
198,WP_000011612.1,WP_135283647.1,53.226,248,113,2,1,245,3,250,1.5799999999999998e-82,251.0,65.73,1781167,Ramlibacter rhizophilus
199,WP_000011612.1,WP_021007497.1,52.61,249,114,2,1,245,1,249,1.8099999999999998e-82,251.0,65.86,34073,Variovorax paradoxus
200,WP_011579193.1,WP_156454390.1,34.844,706,392,14,5,696,18,669,5e-129,402.0,52.55,1610491,Lampropedia cohaerens
201,WP_011579193.1,WP_198150868.1,36.85,692,359,16,22,698,42,670,5.95e-128,399.0,51.88,307483,Caldimonas taiwanensis
202,WP_011579193.1,WP_033371649.1,36.652,693,359,19,22,698,29,657,2.58e-127,397.0,52.81,196015,Caldimonas manganoxidans
203,WP_011579193.1,WP_122230654.1,36.533,698,363,17,7,677,8,652,4.6e-127,397.0,53.58,1550736,Corticibacter populi
204,WP_011579193.1,WP_122230654.1,41.065,263,140,8,430,683,64,320,3.44e-39,159.0,55.89,1550736,Corticibacter populi
205,WP_011579193.1,WP_104357767.1,37.296,673,359,14,31,696,46,662,1.3900000000000001e-123,387.0,52.9,215580,Schlegelella thermodepolymerans
206,WP_011579193.1,WP_104357767.1,30.874,366,185,11,29,385,367,673,2.08e-28,126.0,45.9,215580,Schlegelella thermodepolymerans
207,WP_011579193.1,WP_132765754.1,35.329,668,366,9,41,696,14,627,1.75e-122,384.0,51.35,215580,Schlegelella thermodepolymerans
208,WP_011579193.1,WP_132765754.1,35.127,316,175,8,407,709,5,303,4.27e-37,152.0,50.0,215580,Schlegelella thermodepolymerans
209,WP_011579193.1,WP_132765754.1,29.134,381,212,10,13,385,308,638,3.19e-30,132.0,43.83,215580,Schlegelella thermodepolymerans
210,WP_011579193.1,WP_027016273.1,36.095,676,353,13,33,684,38,658,3.5e-119,377.0,51.78,408558,Comamonas composti
211,WP_011579193.1,WP_027016273.1,31.01,287,178,7,429,700,69,350,9.530000000000001e-27,121.0,48.78,408558,Comamonas composti
212,WP_011579193.1,WP_162777422.1,34.907,699,391,13,1,678,1,656,6.85e-116,367.0,51.5,225992,Comamonas kerstersii
213,WP_011579193.1,WP_104797218.1,36.0,675,351,18,43,683,41,668,9.5e-116,368.0,52.74,2094193,Limnohabitans sp. TS-CS-82
214,WP_011579193.1,WP_104797218.1,29.33,358,191,8,33,380,380,685,4.22e-27,122.0,45.25,2094193,Limnohabitans sp. TS-CS-82
215,WP_011579193.1,WP_104797218.1,32.787,305,159,14,431,700,64,357,1.4099999999999999e-24,114.0,49.18,2094193,Limnohabitans sp. TS-CS-82
216,WP_011579193.1,WP_080025302.1,34.072,722,411,14,1,701,1,678,1.38e-115,367.0,51.25,225992,Comamonas kerstersii
217,WP_011579193.1,WP_135285464.1,34.665,701,364,18,43,707,48,690,3.89e-113,361.0,50.93,1781167,Ramlibacter rhizophilus
218,WP_011579193.1,WP_207291206.1,35.163,674,362,14,17,664,17,641,8.89e-112,357.0,51.48,225992,Comamonas kerstersii
219,WP_011579193.1,WP_207291206.1,29.341,334,177,8,34,360,374,655,7.57e-27,121.0,44.91,225992,Comamonas kerstersii
220,WP_011579193.1,WP_211372055.1,35.277,669,368,13,17,664,17,641,7.98e-111,355.0,51.57,225992,Comamonas kerstersii
221,WP_011579193.1,WP_211372055.1,29.641,334,176,8,34,360,374,655,5.0400000000000005e-27,122.0,44.91,225992,Comamonas kerstersii
222,WP_011579193.1,WP_158386539.1,34.992,663,369,13,35,678,38,657,1.7900000000000002e-110,354.0,52.49,285,Comamonas testosteroni
223,WP_011579193.1,WP_158386539.1,28.15,373,205,10,36,398,379,698,5.24e-28,125.0,44.5,285,Comamonas testosteroni
224,WP_011579193.1,WP_158386539.1,32.313,294,170,9,429,700,67,353,5.94e-26,119.0,50.34,285,Comamonas testosteroni
225,WP_011579193.1,WP_210606224.1,33.38,722,404,15,17,708,19,693,4.8600000000000006e-110,353.0,50.42,225992,Comamonas kerstersii
226,WP_011579193.1,WP_210606224.1,31.985,272,154,9,383,635,11,270,2.33e-22,107.0,48.16,225992,Comamonas kerstersii
227,WP_011579193.1,WP_211456618.1,34.84,686,369,17,7,664,7,642,3.64e-106,343.0,50.73,1812482,Comamonas sp. PE63
228,WP_011579193.1,WP_211456618.1,28.235,340,191,8,34,367,371,663,1.01e-25,118.0,43.53,1812482,Comamonas sp. PE63
229,WP_011579193.1,WP_211456618.1,31.081,296,170,10,429,700,62,347,9.87e-25,115.0,47.64,1812482,Comamonas sp. PE63
230,WP_011579193.1,WP_202788751.1,34.703,706,376,18,39,708,35,691,9.86e-106,342.0,49.86,2795732,Comamonas sp. NyZ500
231,WP_011579193.1,WP_202788751.1,29.706,340,186,8,34,367,369,661,3.8200000000000003e-29,129.0,45.0,2795732,Comamonas sp. NyZ500
232,WP_011579193.1,WP_052703325.1,33.469,735,408,19,7,708,8,694,2.7e-105,340.0,50.34,363952,Comamonas thiooxydans
233,WP_011579193.1,WP_198528649.1,34.986,706,374,19,39,708,35,691,3.85e-105,340.0,50.14,363952,Comamonas thiooxydans
234,WP_011579193.1,WP_198528649.1,28.529,340,190,8,34,367,369,661,8.78e-27,121.0,44.41,363952,Comamonas thiooxydans
235,WP_011579193.1,WP_193751082.1,34.116,724,396,20,18,708,18,693,4.36e-105,340.0,50.28,364029,Comamonas sp. E6
236,WP_011579193.1,WP_179626298.1,34.419,706,378,18,39,708,39,695,5.61e-105,340.0,49.58,2735902,Comamonas sp. B9U6D
237,WP_011579193.1,WP_179626298.1,29.651,344,179,9,34,366,373,664,3.49e-29,129.0,45.35,2735902,Comamonas sp. B9U6D
238,WP_011579193.1,WP_063663060.1,34.936,707,373,19,39,708,35,691,6.07e-105,340.0,49.79,363952,Comamonas thiooxydans
239,WP_011579193.1,WP_063663060.1,29.706,340,186,9,34,367,369,661,5.13e-29,128.0,45.29,363952,Comamonas thiooxydans
240,WP_011579193.1,WP_076342754.1,34.157,688,369,16,42,698,41,675,1.25e-104,338.0,50.87,491919,Brachymonas chironomi
241,WP_011579193.1,WP_120967621.1,33.58,676,378,14,16,664,8,639,2.47e-104,338.0,50.59,2201272,Comamonas sp. lk
242,WP_011579193.1,WP_120967621.1,30.395,329,177,8,34,359,373,652,3.56e-27,122.0,44.38,2201272,Comamonas sp. lk
243,WP_011579193.1,WP_120967621.1,30.952,294,173,9,429,700,64,349,1.25e-25,117.0,48.3,2201272,Comamonas sp. lk
244,WP_011579193.1,WP_171832525.1,33.609,726,397,19,18,708,18,693,2.8299999999999996e-104,338.0,50.0,363952,Comamonas thiooxydans
245,WP_011579193.1,WP_198424723.1,34.986,706,374,20,39,708,35,691,3.7299999999999996e-104,337.0,50.28,285,Comamonas testosteroni
246,WP_011579193.1,WP_198424723.1,29.412,340,187,8,34,367,369,661,1.39e-28,127.0,44.71,285,Comamonas testosteroni
247,WP_011579193.1,WP_172415103.1,34.605,708,374,18,39,708,44,700,6.84e-104,337.0,49.15,363952,Comamonas thiooxydans
248,WP_011579193.1,WP_172415103.1,28.696,345,183,9,34,367,378,670,7.38e-27,121.0,44.06,363952,Comamonas thiooxydans
249,WP_011579193.1,WP_041744184.1,34.746,708,373,18,39,708,44,700,8.529999999999999e-104,337.0,49.15,363952,Comamonas thiooxydans
250,WP_011579193.1,WP_041744184.1,28.696,345,183,9,34,367,378,670,2.15e-27,123.0,44.93,363952,Comamonas thiooxydans
251,WP_011579193.1,WP_050788989.1,34.986,706,374,20,39,708,35,691,8.59e-104,337.0,50.0,283,Comamonas
252,WP_011579193.1,WP_050788989.1,28.779,344,182,9,35,367,370,661,8.040000000000001e-27,121.0,44.48,283,Comamonas
253,WP_011579193.1,WP_003054152.1,34.561,706,377,19,39,708,51,707,9.939999999999999e-104,337.0,49.72,285,Comamonas testosteroni
254,WP_011579193.1,WP_003054152.1,27.596,337,195,7,34,366,385,676,2.0600000000000002e-26,120.0,44.21,285,Comamonas testosteroni
255,WP_011579193.1,WP_099736676.1,33.676,680,392,13,1,664,1,637,1.35e-103,336.0,50.74,2035201,Comamonas sp. 26
256,WP_011579193.1,WP_099736676.1,31.293,294,172,7,429,700,62,347,5.4099999999999995e-28,125.0,48.64,2035201,Comamonas sp. 26
257,WP_011579193.1,WP_099736676.1,29.499,339,181,8,34,366,371,657,5.1500000000000005e-27,122.0,44.25,2035201,Comamonas sp. 26
258,WP_011579193.1,WP_052263614.1,34.463,708,375,18,39,708,35,691,1.8000000000000001e-103,335.0,49.15,363952,Comamonas thiooxydans
259,WP_011579193.1,WP_052263614.1,29.36,344,180,9,34,366,369,660,9.65e-29,127.0,45.35,363952,Comamonas thiooxydans
260,WP_011579193.1,WP_034358169.1,33.697,733,409,19,7,708,7,693,3.79e-103,335.0,49.66,363952,Comamonas thiooxydans
261,WP_011579193.1,WP_043373415.1,33.994,706,381,18,39,708,41,697,4.51e-103,335.0,49.86,285,Comamonas testosteroni
262,WP_011579193.1,WP_043373415.1,27.596,337,195,7,34,366,375,666,2.83e-26,120.0,43.62,285,Comamonas testosteroni
263,WP_011579193.1,WP_087082634.1,33.517,725,399,19,18,708,18,693,6.89e-103,334.0,50.48,285,Comamonas testosteroni
264,WP_011579193.1,WP_080757823.1,33.653,731,390,20,18,708,18,693,4.06e-102,332.0,49.93,285,Comamonas testosteroni
265,WP_011579193.1,WP_194271041.1,32.966,725,403,18,18,708,18,693,7.98e-102,331.0,49.52,285,Comamonas testosteroni
266,WP_011579193.1,WP_154164428.1,32.153,706,402,15,35,709,39,698,2.35e-101,330.0,50.57,2605745,Comamonas sp. CAH-2
267,WP_011579193.1,WP_154164428.1,30.882,340,175,10,34,366,380,666,7.72e-30,131.0,46.47,2605745,Comamonas sp. CAH-2
268,WP_011579193.1,WP_043383351.1,32.011,706,403,16,35,709,39,698,6.06e-101,329.0,51.13,225991,Comamonas aquatica
269,WP_011579193.1,WP_043383351.1,31.268,339,175,11,34,366,380,666,7.999999999999999e-30,130.0,46.61,225991,Comamonas aquatica
270,WP_011579193.1,WP_052084801.1,34.278,706,379,18,39,708,51,707,6.59e-101,329.0,49.72,285,Comamonas testosteroni
271,WP_011579193.1,WP_052084801.1,27.647,340,191,8,34,366,385,676,2.83e-23,110.0,43.53,285,Comamonas testosteroni
272,WP_011579193.1,WP_192671652.1,35.977,706,371,17,41,709,427,1088,7.69e-101,338.0,50.28,2663806,Ramlibacter sp. OAE822
273,WP_011579193.1,WP_167002508.1,35.385,650,346,15,42,664,54,656,1.62e-100,328.0,51.08,2608341,Comamonas sp. Tr-654
274,WP_011579193.1,WP_167002508.1,28.19,337,193,7,34,366,385,676,4.4300000000000005e-27,122.0,44.81,2608341,Comamonas sp. Tr-654
275,WP_011579193.1,WP_167002508.1,32.441,299,162,11,429,700,76,361,1.1e-23,112.0,47.83,2608341,Comamonas sp. Tr-654
276,WP_011579193.1,WP_207384578.1,34.237,701,384,19,40,708,61,716,1.01e-98,324.0,50.21,363952,Comamonas thiooxydans
277,WP_011579193.1,WP_207384578.1,28.994,338,183,8,37,366,397,685,9.18e-28,124.0,44.38,363952,Comamonas thiooxydans
278,WP_011579193.1,WP_053284026.1,34.043,705,382,19,39,708,51,707,9.33e-98,321.0,49.08,285,Comamonas testosteroni
279,WP_011579193.1,WP_053284026.1,28.739,341,186,10,34,366,385,676,4.52e-25,116.0,44.28,285,Comamonas testosteroni
280,WP_011579193.1,WP_054066284.1,36.545,550,313,11,187,708,33,574,5.06e-97,315.0,54.36,225992,Comamonas kerstersii
281,WP_011579193.1,WP_054066284.1,28.743,334,179,8,34,360,256,537,1.42e-26,120.0,45.21,225992,Comamonas kerstersii
282,WP_011579193.1,WP_054066630.1,36.142,534,315,9,187,701,33,559,6.67e-97,315.0,54.87,225992,Comamonas kerstersii
283,WP_011579193.1,WP_054066630.1,27.688,372,195,10,34,383,256,575,1.21e-26,120.0,44.62,225992,Comamonas kerstersii
284,WP_011579193.1,WP_158393064.1,37.897,409,235,6,272,664,1,406,1.21e-74,253.0,55.5,285,Comamonas testosteroni
285,WP_011579193.1,WP_158393064.1,30.368,326,169,8,52,371,157,430,9.310000000000001e-27,119.0,46.01,285,Comamonas testosteroni
286,WP_011579193.1,WP_104301229.1,42.154,325,179,8,375,696,9,327,3.19e-72,242.0,61.54,1452508,Zhizhongheella caldifontis
287,WP_011579193.1,WP_104301229.1,31.498,327,157,7,65,385,62,327,6.58e-31,129.0,43.12,1452508,Zhizhongheella caldifontis
288,WP_011579193.1,WP_148748410.1,42.718,309,167,7,375,678,7,310,1.2e-68,233.0,62.14,2601246,Comamonas sp. Z1
289,WP_011579193.1,WP_148748410.1,31.561,301,146,7,65,359,63,309,6.54e-27,117.0,44.85,2601246,Comamonas sp. Z1
290,WP_011579193.1,WP_169419597.1,41.867,332,175,7,375,697,5,327,1.7899999999999999e-68,232.0,58.13,2728837,Ramlibacter sp. G-1-2-2
291,WP_011579193.1,WP_169419597.1,31.529,314,162,8,65,374,62,326,5.3e-30,126.0,45.54,2728837,Ramlibacter sp. G-1-2-2
292,WP_011579193.1,WP_103737855.1,40.606,330,185,8,375,698,7,331,3.33e-68,232.0,59.7,1933219,Diaphorobacter sp. LR2014-1
293,WP_011579193.1,WP_103737855.1,31.595,326,151,11,65,376,63,330,2.0500000000000002e-26,116.0,46.93,1933219,Diaphorobacter sp. LR2014-1
294,WP_011579193.1,WP_202899910.1,41.837,294,162,4,375,663,6,295,4.9099999999999996e-67,228.0,59.86,1276755,Acidovorax sp. JHL-3
295,WP_011579193.1,WP_202899910.1,30.094,319,169,6,65,378,63,332,5.81e-29,123.0,43.57,1276755,Acidovorax sp. JHL-3
296,WP_011579193.1,WP_210931751.1,42.857,294,159,7,399,686,3,293,1.13e-65,224.0,63.27,225991,Comamonas aquatica
297,WP_011579193.1,WP_210931751.1,31.561,301,146,6,65,359,37,283,4.380000000000001e-27,117.0,43.52,225991,Comamonas aquatica
298,WP_011579193.1,WP_114654437.1,40.895,313,175,5,375,681,13,321,2.18e-65,224.0,58.79,1231053,Acidovorax sp. BoFeN1
299,WP_011579193.1,WP_114654437.1,31.481,324,158,7,65,378,70,339,3.08e-29,124.0,44.14,1231053,Acidovorax sp. BoFeN1
300,WP_011579193.1,WP_108379527.1,40.426,329,180,9,379,697,82,404,4.3400000000000005e-65,226.0,60.18,1100726,Limnohabitans sp. WS1
301,WP_011579193.1,WP_108379527.1,30.448,335,168,8,65,393,135,410,1.0800000000000001e-31,133.0,45.37,1100726,Limnohabitans sp. WS1
302,WP_011579193.1,WP_184277159.1,40.909,330,182,8,375,697,13,336,6.400000000000001e-64,220.0,55.76,32040,Acidovorax konjaci
303,WP_011579193.1,WP_184277159.1,31.098,328,161,7,65,387,70,337,2.3099999999999998e-30,127.0,42.68,32040,Acidovorax konjaci
304,WP_011579193.1,WP_053176909.1,39.818,329,182,9,379,697,10,332,2.06e-63,219.0,59.57,540060,Limnohabitans planktonicus
305,WP_011579193.1,WP_053176909.1,30.952,336,167,9,65,394,63,339,3.5499999999999998e-34,138.0,46.43,540060,Limnohabitans planktonicus
306,WP_011579193.1,WP_172221179.1,38.788,330,189,7,379,701,18,341,6.13e-61,212.0,56.36,2735555,Caenimonas soli
307,WP_011579193.1,WP_172221179.1,28.232,379,205,8,11,380,21,341,5e-30,126.0,42.48,2735555,Caenimonas soli
308,WP_011579193.1,WP_176669130.1,42.034,295,160,7,375,663,14,303,9.249999999999999e-61,212.0,57.97,285,Comamonas testosteroni
309,WP_011579193.1,WP_176669130.1,31.988,322,155,8,65,376,71,338,4.6399999999999994e-30,127.0,45.65,285,Comamonas testosteroni
310,WP_011579193.1,WP_187078362.1,38.415,328,189,8,375,696,11,331,2.89e-60,210.0,57.32,2764187,Ramlibacter sp. USB13
311,WP_011579193.1,WP_187078362.1,28.382,377,178,12,24,385,32,331,1.32e-24,110.0,42.71,2764187,Ramlibacter sp. USB13
312,WP_011579193.1,WP_175505635.1,41.667,300,163,8,375,668,13,306,6.65e-60,209.0,57.33,2743470,Acidovorax antarcticus
313,WP_011579193.1,WP_175505635.1,30.65,323,162,7,65,378,70,339,6.17e-30,126.0,44.89,2743470,Acidovorax antarcticus
314,WP_011579193.1,WP_050871660.1,41.017,295,163,5,375,663,7,296,2.9200000000000003e-59,207.0,55.93,285,Comamonas testosteroni
315,WP_011579193.1,WP_050871660.1,31.073,354,167,10,37,376,41,331,1.76e-30,127.0,44.35,285,Comamonas testosteroni
316,WP_011579193.1,WP_011485781.1,40.127,314,178,5,379,686,28,337,1.6300000000000002e-58,206.0,60.19,296591,Polaromonas sp. JS666
317,WP_011579193.1,WP_011485781.1,28.041,296,163,7,65,359,81,327,1.16e-25,114.0,46.28,296591,Polaromonas sp. JS666
318,WP_011579193.1,WP_080731541.1,34.951,309,175,5,377,663,78,382,3.3999999999999996e-42,170.0,51.46,285,Comamonas testosteroni
319,WP_011579193.1,WP_080731541.1,28.803,309,171,6,43,350,127,387,6.44e-26,119.0,44.34,285,Comamonas testosteroni
320,WP_011579193.1,WP_076342756.1,30.286,350,174,12,31,368,33,324,5.929999999999999e-38,151.0,49.43,491919,Brachymonas chironomi
321,WP_011579193.1,WP_076342756.1,34.553,246,146,7,429,664,65,305,3.59e-26,117.0,50.0,491919,Brachymonas chironomi
322,WP_011579193.1,WP_197408043.1,33.333,300,139,9,69,362,511,755,2.94e-29,129.0,46.33,1610491,Lampropedia cohaerens
323,WP_011579193.1,WP_197408043.1,28.968,252,161,6,438,680,513,755,7.56e-22,106.0,51.98,1610491,Lampropedia cohaerens
324,WP_011579193.1,WP_104357766.1,30.435,115,61,3,202,314,491,588,0.000188,50.4,44.35,215580,Schlegelella thermodepolymerans
325,WP_011579193.1,WP_081767244.1,43.333,60,31,1,258,314,257,316,0.005,45.4,56.67,80880,Hylemonella gracilis
326,WP_011579193.1,WP_131279046.1,30.0,100,63,2,222,321,244,336,0.009,44.3,49.0,80880,Hylemonella gracilis
327,WP_011579193.1,WP_138922416.1,25.85,147,89,4,177,321,206,334,0.011,44.3,44.22,80880,Hylemonella gracilis
328,WP_011579193.1,WP_138922416.1,28.346,127,81,4,514,633,197,320,0.042,42.4,44.88,80880,Hylemonella gracilis
329,WP_011579193.1,WP_174253358.1,30.12,83,57,1,227,309,388,469,0.016,43.9,48.19,2741720,Rhodoferax sp. BAB1
330,WP_001023681.1,WP_083932494.1,40.642,374,218,3,7,378,20,391,8.560000000000001e-86,273.0,54.81,196013,Caldimonas
331,WP_001023681.1,WP_104301231.1,41.299,385,212,8,3,380,14,391,1.1900000000000001e-85,273.0,58.44,1452508,Zhizhongheella caldifontis
332,WP_001023681.1,WP_156920043.1,37.105,380,229,2,2,378,15,387,1.61e-81,261.0,53.68,408558,Comamonas composti
333,WP_001023681.1,WP_169335124.1,38.619,391,234,4,2,390,7,393,2.87e-80,257.0,54.48,491919,Brachymonas chironomi
334,WP_001023681.1,WP_104359091.1,38.259,379,226,3,4,378,17,391,1.42e-78,254.0,51.19,215580,Schlegelella thermodepolymerans
335,WP_001023681.1,WP_165908721.1,37.534,373,225,3,10,378,1,369,8.25e-77,249.0,51.47,215580,Schlegelella thermodepolymerans
336,WP_001023681.1,WP_162846680.1,36.02,397,237,7,3,390,41,429,9.259999999999999e-69,228.0,52.64,1550736,Corticibacter populi
337,WP_001023681.1,WP_052754989.1,36.17,376,230,5,10,378,1,373,1.2400000000000001e-65,218.0,51.86,1610491,Lampropedia cohaerens
338,WP_001023681.1,WP_187078356.1,34.367,387,247,4,2,383,31,415,8.68e-63,212.0,49.1,2764187,Ramlibacter sp. USB13
339,WP_001023681.1,WP_099736677.1,33.741,409,237,8,3,381,12,416,2.18e-62,213.0,48.41,2035201,Comamonas sp. 26
340,WP_001023681.1,WP_154164427.1,34.368,419,241,8,3,389,11,427,2.84e-62,213.0,47.97,2605745,Comamonas sp. CAH-2
341,WP_001023681.1,WP_167002506.1,34.474,409,234,8,3,381,32,436,5.67e-62,212.0,48.66,2608341,Comamonas sp. Tr-654
342,WP_001023681.1,WP_050871661.1,34.555,382,236,4,4,378,8,382,5.88e-62,209.0,51.31,285,Comamonas testosteroni
343,WP_001023681.1,WP_077344570.1,34.625,413,229,9,3,381,12,417,9.91e-62,211.0,49.15,225992,Comamonas kerstersii
344,WP_001023681.1,WP_151046090.1,34.541,414,228,8,3,381,11,416,1.25e-61,211.0,48.79,225992,Comamonas kerstersii
345,WP_001023681.1,WP_051519496.1,34.129,419,242,8,3,389,11,427,1.2999999999999999e-61,211.0,47.97,225991,Comamonas aquatica
346,WP_001023681.1,WP_087863473.1,33.81,420,241,9,3,389,12,427,1.5299999999999998e-61,211.0,48.81,363952,Comamonas thiooxydans
347,WP_001023681.1,WP_052703323.1,33.81,420,241,9,3,389,12,427,1.73e-61,210.0,48.81,363952,Comamonas thiooxydans
348,WP_001023681.1,WP_158386540.1,34.94,415,226,9,3,382,11,416,2.46e-61,210.0,47.71,285,Comamonas testosteroni
349,WP_001023681.1,WP_029158283.1,34.817,382,235,4,4,378,8,382,2.47e-61,208.0,50.79,285,Comamonas testosteroni
350,WP_001023681.1,WP_057092461.1,33.81,420,241,9,3,389,12,427,2.5599999999999998e-61,210.0,48.57,363952,Comamonas thiooxydans
351,WP_001023681.1,WP_082669725.1,34.625,413,229,9,3,381,11,416,2.74e-61,210.0,49.15,225992,Comamonas kerstersii
352,WP_001023681.1,WP_052223816.1,33.571,420,242,9,3,389,32,447,2.9699999999999998e-61,210.0,49.05,285,Comamonas testosteroni
353,WP_001023681.1,WP_053284025.1,34.279,423,235,11,3,389,32,447,3.09e-61,210.0,49.41,285,Comamonas testosteroni
354,WP_001023681.1,WP_210606223.1,34.625,413,229,9,3,381,13,418,3.11e-61,209.0,49.15,225992,Comamonas kerstersii
355,WP_001023681.1,WP_211456617.1,33.571,420,242,9,3,389,32,447,3.9799999999999995e-61,210.0,48.81,1812482,Comamonas sp. PE63
356,WP_001023681.1,WP_054066631.1,34.383,413,230,9,3,381,11,416,4.5299999999999996e-61,209.0,49.15,225992,Comamonas kerstersii
357,WP_001023681.1,WP_012838744.1,33.571,420,242,9,3,389,12,427,4.62e-61,209.0,48.57,363952,Comamonas thiooxydans
358,WP_001023681.1,WP_182283090.1,33.571,420,242,9,3,389,32,447,7.34e-61,209.0,48.57,285,Comamonas testosteroni
359,WP_001023681.1,WP_052088191.1,33.81,420,241,9,3,389,32,447,8.409999999999999e-61,209.0,48.57,363952,Comamonas thiooxydans
360,WP_001023681.1,WP_134737321.1,33.571,420,242,9,3,389,12,427,1.11e-60,208.0,48.57,2494248,Comamonas sp. A23
361,WP_001023681.1,WP_063663016.1,33.571,420,242,9,3,389,12,427,1.19e-60,208.0,48.33,363952,Comamonas thiooxydans
362,WP_001023681.1,WP_034408263.1,33.571,420,242,9,3,389,12,427,2.1099999999999998e-60,207.0,48.57,363952,Comamonas thiooxydans
363,WP_001023681.1,WP_149357008.1,33.333,420,243,9,3,389,12,427,2.47e-60,207.0,48.33,285,Comamonas testosteroni
364,WP_001023681.1,WP_034358168.1,33.571,420,242,9,3,389,12,427,2.89e-60,207.0,48.57,363952,Comamonas thiooxydans
365,WP_001023681.1,WP_052084800.1,33.333,420,243,9,3,389,32,447,2.97e-60,207.0,48.1,285,Comamonas testosteroni
366,WP_001023681.1,WP_059439692.1,33.333,420,243,9,3,389,12,427,3.08e-60,207.0,48.33,364029,Comamonas sp. E6
367,WP_001023681.1,WP_202788704.1,33.333,420,243,9,3,389,32,447,4.39e-60,207.0,48.33,2795732,Comamonas sp. NyZ500
368,WP_001023681.1,WP_039048953.1,33.333,420,243,9,3,389,12,427,5.8e-60,206.0,48.33,363952,Comamonas thiooxydans
369,WP_001023681.1,WP_179626297.1,33.333,420,243,9,3,389,12,427,7.09e-60,206.0,48.33,2735902,Comamonas sp. B9U6D
370,WP_001023681.1,WP_034400491.1,33.333,420,243,9,3,389,12,427,7.09e-60,206.0,48.57,285,Comamonas testosteroni
371,WP_001023681.1,WP_087082636.1,33.333,420,243,9,3,389,12,427,1.1500000000000001e-59,206.0,48.33,285,Comamonas testosteroni
372,WP_001023681.1,WP_148729537.1,33.333,420,243,9,3,389,32,447,1.1800000000000001e-59,206.0,48.57,2601247,Comamonas sp. Z3
373,WP_001023681.1,WP_051962190.1,33.333,420,243,9,3,389,32,447,1.23e-59,206.0,48.57,285,Comamonas testosteroni
374,WP_001023681.1,WP_108379551.1,34.127,378,246,2,2,378,22,397,1.34e-59,204.0,47.88,1100726,Limnohabitans sp. WS1
375,WP_001023681.1,WP_120967623.1,34.375,416,234,8,2,382,13,424,1.34e-59,205.0,48.08,2201272,Comamonas sp. lk
376,WP_001023681.1,WP_175505634.1,34.115,384,239,4,2,378,6,382,2.46e-59,203.0,49.48,2743470,Acidovorax antarcticus
377,WP_001023681.1,WP_169419606.1,33.333,384,246,4,2,382,40,416,1.27e-58,202.0,48.18,2728837,Ramlibacter sp. G-1-2-2
378,WP_001023681.1,WP_184277160.1,33.594,384,241,4,2,378,6,382,3.87e-58,200.0,50.26,32040,Acidovorax konjaci
379,WP_001023681.1,WP_201740907.1,35.917,387,228,7,2,378,3,379,8.2e-58,199.0,49.87,1231053,Acidovorax sp. BoFeN1
380,WP_001023681.1,WP_083451299.1,32.902,386,248,3,2,382,37,416,1.23e-57,200.0,48.45,540060,Limnohabitans planktonicus
381,WP_001023681.1,WP_202899915.1,34.375,384,238,4,2,378,3,379,6.66e-57,196.0,49.48,1276755,Acidovorax sp. JHL-3
382,WP_001023681.1,WP_011485801.1,32.208,385,252,2,2,378,43,426,4.4e-55,192.0,47.27,296591,Polaromonas sp. JS666
383,WP_001023681.1,WP_158394353.1,35.278,360,193,8,64,389,1,354,5.58e-55,192.0,49.72,285,Comamonas testosteroni
384,WP_001023681.1,WP_192671667.1,31.701,388,240,7,2,378,39,412,1.0499999999999999e-54,191.0,47.94,2663806,Ramlibacter sp. OAE822
385,WP_001023681.1,WP_210545468.1,31.0,400,262,5,6,395,8,403,4.6099999999999996e-54,189.0,49.25,2822760,Rhodoferax sp. PAMC29310
386,WP_001023681.1,WP_161499647.1,32.461,382,249,3,3,382,1,375,2.65e-53,186.0,48.95,2094193,Limnohabitans sp. TS-CS-82
387,WP_001023681.1,WP_172221142.1,32.161,398,248,5,2,385,38,427,4.75e-53,187.0,45.98,2735555,Caenimonas soli
388,WP_001023681.1,WP_167784740.1,32.283,381,245,4,3,378,33,405,1.25e-48,175.0,45.14,1781167,Ramlibacter rhizophilus
389,WP_001023681.1,WP_193782228.1,31.596,307,208,2,72,378,1,305,5.65e-38,144.0,46.58,2780094,Ramlibacter aquaticus
390,WP_001023681.1,WP_146052224.1,27.013,385,262,10,4,378,21,396,6.460000000000001e-33,132.0,47.27,1933219,Diaphorobacter sp. LR2014-1
391,WP_001023681.1,WP_210930838.1,27.366,391,253,10,4,378,5,380,2.8700000000000004e-32,130.0,45.01,225991,Comamonas aquatica
392,WP_001023681.1,WP_148748407.1,27.132,387,259,10,4,378,5,380,6.49e-32,129.0,44.96,2601246,Comamonas sp. Z1
393,WP_001023681.1,WP_131279046.1,37.805,82,44,2,259,340,248,322,0.000726,47.0,51.22,80880,Hylemonella gracilis
394,WP_001023681.1,WP_138922416.1,31.933,119,69,3,227,340,209,320,0.001,46.2,45.38,80880,Hylemonella gracilis
395,WP_001023681.1,WP_081767244.1,33.077,130,67,5,217,340,191,306,0.009,43.5,39.23,80880,Hylemonella gracilis
396,WP_001575907.1,WP_142139484.1,26.733,202,146,1,13,212,27,228,2.53e-18,86.7,50.99,2768435,Acidovorax sp. SLBN-42
397,WP_001575907.1,WP_191264211.1,23.629,237,177,2,17,249,20,256,9.55e-18,84.7,47.26,2638500,unclassified Comamonas
398,WP_001575907.1,WP_114971917.1,24.057,212,155,1,17,222,19,230,2.79e-15,78.2,46.23,2109322,Rhodoferax sp. OTU1
399,WP_001575907.1,WP_169422029.1,23.715,253,180,4,7,249,3,252,6.38e-15,77.0,46.25,2728837,Ramlibacter sp. G-1-2-2
400,WP_001575907.1,WP_196986890.1,26.214,206,148,3,10,212,37,241,1.44e-14,76.3,50.49,2793270,Caenimonas sp. DR4.4
401,WP_001575907.1,WP_051603214.1,23.585,212,156,1,17,222,29,240,2.61e-14,75.5,48.58,80882,Simplicispira psychrophila
402,WP_001575907.1,WP_143434217.1,22.881,236,176,1,17,246,19,254,1.05e-13,73.6,46.61,1882399,Hydrogenophaga sp. H7
403,WP_001575907.1,WP_061500864.1,24.576,236,172,1,17,246,20,255,1.18e-13,73.6,49.15,94132,Ramlibacter tataouinensis
404,WP_001575907.1,WP_206613238.1,19.838,247,192,1,17,257,24,270,1.58e-13,73.2,47.37,80881,Simplicispira metamorpha
405,WP_001575907.1,WP_048437971.1,22.01,209,161,1,10,216,37,245,1.99e-13,73.2,48.8,1450524,Caenimonas sp. SL110
406,WP_001575907.1,WP_148293325.1,23.556,225,163,4,7,224,14,236,4.51e-13,72.0,49.33,1055192,Comamonas sp. B-9
407,WP_001575907.1,WP_090129598.1,24.219,256,177,3,6,246,5,258,4.98e-13,72.0,44.92,1100719,Limnohabitans sp. Rim11
408,WP_001575907.1,WP_116926363.1,23.529,221,160,4,11,224,17,235,6e-13,71.6,50.23,2170731,Comamonas sp. JNW
409,WP_001575907.1,WP_007862407.1,26.104,249,172,7,10,251,29,272,8.49e-13,71.2,49.0,1144318,Polaromonas sp. CF318
410,WP_001575907.1,WP_135285217.1,22.177,248,187,2,7,248,9,256,9.88e-13,70.9,44.35,1781167,Ramlibacter rhizophilus
411,WP_001575907.1,WP_182343687.1,23.423,222,161,4,10,224,16,235,1.28e-12,70.9,49.55,160825,Comamonas koreensis
412,WP_001575907.1,WP_092131120.1,24.473,237,168,6,10,240,29,260,1.39e-12,70.9,49.79,1855301,Polaromonas sp. YR568
413,WP_001575907.1,WP_182325625.1,23.556,225,163,4,7,224,14,236,1.58e-12,70.5,49.33,1562974,Comamonas piscis
414,WP_001575907.1,WP_108329665.1,24.057,212,155,2,17,222,20,231,2.76e-12,69.7,46.7,1100699,Limnohabitans sp. 2KL-1
415,WP_001575907.1,WP_108374003.1,24.528,265,173,7,7,254,14,268,3.76e-12,69.3,44.15,1100724,Limnohabitans sp. T6-5
416,WP_001575907.1,WP_108379832.1,23.276,232,172,2,21,246,24,255,4.13e-12,69.3,45.69,1100726,Limnohabitans sp. WS1
417,WP_001575907.1,WP_066093299.1,25.62,242,150,7,33,255,46,276,4.16e-12,69.3,46.69,1763535,Hydrogenophaga crassostreae
418,WP_001575907.1,WP_106683137.1,21.698,212,160,1,17,222,31,242,4.29e-12,69.3,48.11,2109913,Melaminivora sp. SC2-9
419,WP_001575907.1,WP_066254044.1,22.034,236,178,1,17,246,19,254,1.48e-11,67.8,45.34,65657,Hydrogenophaga flava
420,WP_001575907.1,WP_194770164.1,21.461,219,165,2,33,244,17,235,1.53e-11,67.4,47.03,2784387,Diaphorobacter sp. NR2-3-3-1
421,WP_001575907.1,WP_182345537.1,25.0,252,170,6,17,255,29,274,1.57e-11,67.8,47.62,160825,Comamonas koreensis
422,WP_001575907.1,WP_084652434.1,21.461,219,165,2,33,244,17,235,1.6e-11,67.4,45.66,219182,Ottowia thiooxydans
423,WP_001575907.1,WP_184705626.1,22.422,223,164,4,7,222,13,233,2.17e-11,67.4,49.33,379895,Comamonas odontotermitis
424,WP_001575907.1,WP_119293269.1,21.923,260,189,3,10,255,13,272,3.67e-11,66.6,46.15,2259674,Calidifontimicrobium sediminis
425,WP_001575907.1,WP_034689761.1,24.686,239,151,5,7,227,17,244,8.46e-11,65.5,46.44,1268622,Acidovorax sp. MR-S7
426,WP_001575907.1,WP_194792847.1,22.581,248,189,2,10,255,37,283,9.05e-11,65.9,47.98,367474,Caenimonas koreensis
427,WP_001575907.1,WP_201687076.1,21.681,226,174,2,29,251,66,291,1.5e-10,65.1,48.67,2039631,Ramlibacter alkalitolerans
428,WP_001575907.1,WP_036593833.1,22.176,239,171,4,2,231,14,246,1.56e-10,64.7,45.61,219182,Ottowia thiooxydans
429,WP_001575907.1,WP_133158159.1,22.269,238,175,3,19,246,17,254,1.64e-10,64.7,44.12,47421,Hydrogenophaga pseudoflava
430,WP_001575907.1,WP_136405147.1,23.144,229,161,4,3,222,11,233,1.9e-10,64.7,47.16,2562762,Lampropedia aestuarii
431,WP_001575907.1,WP_187598087.1,24.121,199,138,4,33,222,39,233,2.15e-10,64.3,48.74,1715720,Diaphorobacter ruginosibacter
432,WP_001575907.1,WP_180128921.1,22.951,244,179,3,19,255,20,261,2.24e-10,64.3,45.49,2576062,Rhodoferax sp. BLA1
433,WP_001575907.1,WP_194770283.1,24.299,214,145,5,21,221,23,232,2.88e-10,63.9,47.2,2784387,Diaphorobacter sp. NR2-3-3-1
434,WP_001575907.1,WP_121943751.1,22.335,197,146,2,33,222,17,213,3.25e-10,63.5,45.18,12916,Acidovorax
435,WP_001575907.1,WP_157397769.1,23.661,224,162,3,29,246,34,254,4.01e-10,63.5,47.77,2617605,unclassified Ramlibacter
436,WP_001575907.1,WP_027995451.1,24.658,219,158,2,10,222,16,233,4.41e-10,63.5,48.4,80882,Simplicispira psychrophila
437,WP_001575907.1,WP_199220625.1,24.268,239,160,5,33,255,43,276,5.49e-10,63.5,47.7,1826167,Limnohabitans sp. Hippo4
438,WP_001575907.1,WP_092745323.1,23.431,239,173,5,10,241,16,251,5.78e-10,63.2,50.21,187868,Acidovorax valerianellae
439,WP_001575907.1,WP_146912839.1,21.918,219,158,4,7,216,13,227,8.34e-10,62.8,48.86,2597701,Comamonas sp. NLF-7-7
440,WP_001575907.1,WP_141835272.1,26.068,234,148,7,7,224,17,241,8.94e-10,62.8,45.3,1920191,Delftia sp. HK171
441,WP_001575907.1,WP_074931594.1,25.641,234,149,7,7,224,17,241,1.06e-09,62.4,45.73,180282,Delftia tsuruhatensis
442,WP_001575907.1,WP_210824361.1,24.79,238,169,3,19,246,18,255,1.91e-09,61.6,46.64,2610898,Hydrogenophaga aromaticivorans
443,WP_001575907.1,WP_074575965.1,19.643,224,172,4,33,248,49,272,2.03e-09,61.6,47.77,296591,Polaromonas sp. JS666
444,WP_001575907.1,WP_169804801.1,23.431,239,175,2,14,246,16,252,2.11e-09,61.6,46.86,65656,Hydrogenophaga taeniospiralis
445,WP_001575907.1,WP_054256324.1,22.535,213,158,3,10,216,16,227,2.27e-09,61.6,48.83,343013,Acidovorax caeni
446,WP_001575907.1,WP_081483795.1,20.93,215,163,2,33,240,38,252,2.54e-09,61.2,46.05,862720,Acidovorax oryzae
447,WP_001575907.1,WP_193782117.1,26.471,238,153,8,33,255,43,273,2.62e-09,61.2,45.38,2780094,Ramlibacter aquaticus
448,WP_001575907.1,WP_176066803.1,22.727,264,190,3,6,255,9,272,3.03e-09,61.2,48.48,2742824,Schlegelella koreensis
449,WP_001575907.1,WP_056660668.1,25.957,235,153,7,7,227,17,244,3.21e-09,61.2,45.53,1736280,Acidovorax sp. Leaf160
450,WP_001575907.1,WP_167772450.1,19.665,239,184,3,14,246,19,255,3.41e-09,60.8,46.86,204072,Ramlibacter henchirensis
451,WP_001575907.1,WP_204246721.1,19.068,236,185,2,17,246,17,252,3.62e-09,60.8,45.34,553814,Acidovorax carolinensis
452,WP_001575907.1,WP_207373145.1,23.207,237,165,5,10,234,20,251,3.7e-09,60.8,46.41,80878,Acidovorax temperans
453,WP_001575907.1,WP_084397643.1,23.636,275,176,10,1,255,16,276,3.74e-09,60.8,45.82,47421,Hydrogenophaga pseudoflava
454,WP_001575907.1,WP_089957970.1,21.311,244,186,3,10,248,27,269,3.81e-09,60.8,49.18,1100700,Limnohabitans sp. 2KL-3
455,WP_001575907.1,WP_201677378.1,24.38,242,159,5,29,254,39,272,3.95e-09,60.8,43.8,1926872,Ramlibacter monticola
456,WP_001575907.1,WP_144732530.1,22.018,218,164,1,29,240,31,248,4.46e-09,60.5,42.2,2590786,Extensimonas perlucida
457,WP_001575907.1,WP_090138275.1,22.034,236,178,2,17,246,19,254,5.15e-09,60.5,46.19,1597955,Limnohabitans sp. DM1
458,WP_001575907.1,WP_026431497.1,23.387,248,178,5,13,251,12,256,5.59e-09,60.5,46.77,862720,Acidovorax oryzae
459,WP_001575907.1,WP_184276152.1,22.979,235,160,7,7,227,17,244,5.91e-09,60.5,45.96,32040,Acidovorax konjaci
460,WP_001575907.1,WP_106847397.1,22.845,232,158,5,5,221,8,233,5.97e-09,60.5,46.98,2116657,Pulveribacter suum
461,WP_001575907.1,WP_099731291.1,25.822,213,145,4,19,222,22,230,6.24e-09,60.1,46.01,2684926,unclassified Acidovorax
462,WP_001575907.1,WP_011794110.1,23.387,248,178,5,13,251,12,256,7.03e-09,60.1,46.77,80869,Acidovorax citrulli
463,WP_001575907.1,WP_187081221.1,24.506,253,172,6,16,255,21,267,7.23e-09,60.1,47.04,2079448,Ramlibacter sp. GTP1
464,WP_001575907.1,WP_099657828.1,22.467,227,163,4,7,224,13,235,1.03e-08,59.7,47.58,2035205,Acidovorax sp. 56
465,WP_001575907.1,WP_056670101.1,25.0,220,154,5,10,221,16,232,1.07e-08,59.7,48.64,1736280,Acidovorax sp. Leaf160
466,WP_001575907.1,WP_031255555.1,23.661,224,160,4,6,221,12,232,1.53e-08,58.9,47.32,86182,Curvibacter lanceolatus
467,WP_001575907.1,WP_182118061.1,24.066,241,170,5,7,236,13,251,1.81e-08,58.9,48.96,12917,Acidovorax facilis
468,WP_001575907.1,WP_106701156.1,22.051,195,146,1,19,207,32,226,2.18e-08,58.5,45.13,2109914,Ottowia oryzae
469,WP_001575907.1,WP_200912398.1,26.339,224,146,5,10,221,17,233,2.34e-08,58.5,47.32,2684926,unclassified Acidovorax
470,WP_001575907.1,WP_012655587.1,21.186,236,180,2,17,246,19,254,4.34e-08,57.8,46.61,721785,Acidovorax ebreus
471,WP_001575907.1,WP_187598227.1,23.35,197,144,2,33,222,17,213,4.37e-08,57.4,46.19,1715720,Diaphorobacter ruginosibacter
472,WP_001575907.1,WP_055395168.1,27.426,237,150,8,33,255,28,256,5.96e-08,57.4,47.26,1690268,Acidovorax sp. SD340
473,WP_001575907.1,WP_187738403.1,26.271,236,154,7,33,255,28,256,6.14e-08,57.4,47.88,1926868,Acidovorax monticola
474,WP_001575907.1,WP_192885494.1,20.779,231,176,2,12,235,17,247,6.53e-08,57.4,43.72,80867,Acidovorax avenae
475,WP_001575907.1,WP_192883474.1,20.792,202,153,2,33,227,33,234,6.93e-08,57.0,44.06,80867,Acidovorax avenae
476,WP_001575907.1,WP_107171664.1,20.792,202,153,2,33,227,17,218,7.39e-08,57.0,44.06,80867,Acidovorax avenae
477,WP_001575907.1,WP_199175165.1,21.739,230,173,2,12,234,12,241,7.4e-08,57.0,43.48,2035203,Acidovorax sp. 62
478,WP_001575907.1,WP_184704554.1,20.779,231,176,2,12,235,17,247,7.67e-08,57.0,44.16,379895,Comamonas odontotermitis
479,WP_001575907.1,WP_016446453.1,25.6,250,170,6,7,246,13,256,7.76e-08,57.0,48.4,80866,Delftia acidovorans
480,WP_001575907.1,WP_021026196.1,21.795,234,171,3,12,238,12,240,1.06e-07,56.6,44.44,1055192,Comamonas sp. B-9
481,WP_001575907.1,WP_084454984.1,26.848,257,159,9,9,245,15,262,1.17e-07,56.6,44.75,408558,Comamonas composti
482,WP_001575907.1,WP_136572108.1,22.222,225,160,4,6,221,14,232,1.2e-07,56.6,46.22,1330072,Lampropedia puyangensis
483,WP_001575907.1,WP_121422378.1,21.834,229,172,2,12,233,15,243,1.26e-07,56.2,43.67,2135633,Acidovorax sp. 94
484,WP_001575907.1,WP_007851915.1,24.359,234,159,6,7,227,12,240,1.28e-07,56.2,48.29,2684926,unclassified Acidovorax
485,WP_001575907.1,WP_087283293.1,23.043,230,162,4,2,222,11,234,2.03e-07,55.8,47.39,1082851,Comamonas serinivorans
486,WP_001575907.1,WP_108619036.1,23.963,217,156,4,7,216,13,227,2.1e-07,55.8,48.39,2056863,Acidovorax sp. HMWF029
487,WP_001575907.1,WP_011808470.1,25.676,222,157,4,7,221,14,234,2.96e-07,55.5,46.85,364317,Verminephrobacter eiseniae
488,WP_001575907.1,WP_121729674.1,25.969,258,166,7,7,248,17,265,3.03e-07,55.5,43.02,2478662,Acidovorax sp. 1608163
489,WP_001575907.1,WP_166160312.1,21.525,223,164,3,7,221,13,232,3.21e-07,55.1,47.98,2714923,Acidovorax sp. HDW3
490,WP_001575907.1,WP_060987665.1,22.707,229,170,2,12,233,18,246,3.44e-07,55.1,42.79,47920,Acidovorax delafieldii
491,WP_001575907.1,WP_077333035.1,22.689,238,174,2,19,246,17,254,3.56e-07,55.1,46.64,1945864,Hydrogenophaga sp. A37
492,WP_001575907.1,WP_205904651.1,22.131,244,182,3,12,247,12,255,3.96e-07,55.1,45.08,2714924,Diaphorobacter sp. HDW4A
493,WP_001575907.1,WP_119012709.1,22.685,216,160,2,12,221,18,232,4.34e-07,54.7,47.22,80881,Simplicispira metamorpha
494,WP_001575907.1,WP_205750348.1,21.721,244,183,3,12,247,12,255,5.2e-07,54.7,44.67,2714925,Diaphorobacter sp. HDW4B
495,WP_001575907.1,WP_180318123.1,25.2,250,171,5,7,246,13,256,5.65e-07,54.7,47.6,80866,Delftia acidovorans
496,WP_032304460.1,WP_099743136.1,62.731,432,151,4,3,433,4,426,0.0,570.0,78.47,2035203,Acidovorax sp. 62
497,WP_032304460.1,WP_160851478.1,61.538,429,157,3,3,431,5,425,0.0,548.0,76.92,2692194,Delftia sp. CH05
498,WP_032304460.1,WP_082848299.1,60.465,430,161,3,2,431,3,423,0.0,544.0,76.28,1827145,Delftia sp. GW456-R20
499,WP_032304460.1,WP_133157405.1,57.639,432,179,2,2,433,3,430,0.0,543.0,76.62,47421,Hydrogenophaga pseudoflava
500,WP_032304460.1,WP_066254043.1,62.093,430,153,5,2,429,3,424,0.0,541.0,80.0,65657,Hydrogenophaga flava
501,WP_032304460.1,WP_081816195.1,59.907,429,165,3,3,431,4,425,0.0,541.0,76.92,1468410,Delftia sp. RIT313
502,WP_032304460.1,WP_080736969.1,59.028,432,169,2,2,433,3,426,0.0,540.0,74.77,80866,Delftia acidovorans
503,WP_032304460.1,WP_029413511.1,56.351,433,176,4,2,432,3,424,2.33e-179,511.0,74.13,862720,Acidovorax oryzae
504,WP_032304460.1,WP_107171665.1,56.12,433,177,4,2,432,3,424,6.45e-172,492.0,73.9,80867,Acidovorax avenae
505,WP_032304460.1,WP_005793121.1,42.563,437,242,4,1,429,5,440,1.17e-120,362.0,62.93,47920,Acidovorax delafieldii
506,WP_032304460.1,WP_192422405.1,48.426,413,189,5,2,413,3,392,3e-120,360.0,63.2,2769310,Acidovorax sp. ACV02
507,WP_032304460.1,WP_116604530.1,41.348,445,239,4,1,429,6,444,2.33e-117,354.0,59.1,2135500,Rhodoferax sp. YR267
508,WP_032304460.1,WP_056660670.1,41.781,438,244,5,2,430,6,441,2.26e-116,352.0,61.64,1736280,Acidovorax sp. Leaf160
509,WP_032304460.1,WP_034689763.1,40.708,452,227,8,3,429,7,442,3.61e-114,346.0,60.62,1268622,Acidovorax sp. MR-S7
510,WP_032304460.1,WP_066161113.1,41.216,444,240,4,1,430,5,441,4.57e-114,346.0,60.59,47421,Hydrogenophaga pseudoflava
511,WP_032304460.1,WP_121943750.1,46.207,435,208,8,2,429,3,418,3.77e-113,343.0,60.92,2135635,Acidovorax sp. 100
512,WP_032304460.1,WP_066093296.1,41.309,443,238,6,1,429,5,439,7.25e-113,343.0,60.05,1763535,Hydrogenophaga crassostreae
513,WP_032304460.1,WP_146869918.1,45.977,435,209,8,2,429,3,418,5.55e-112,340.0,60.69,47920,Acidovorax delafieldii
514,WP_032304460.1,WP_090138274.1,46.684,392,178,5,2,392,3,364,2.71e-111,337.0,62.24,1597955,Limnohabitans sp. DM1
515,WP_032304460.1,WP_127806315.1,40.535,449,243,6,2,433,6,447,3.09e-111,338.0,59.69,2184519,Hydrogenophaga sp. NH-16
516,WP_032304460.1,WP_135261246.1,44.444,396,202,5,2,394,3,383,6.85e-111,337.0,64.39,204072,Ramlibacter henchirensis
517,WP_032304460.1,WP_108329666.1,45.057,435,201,10,2,431,3,404,1.56e-110,335.0,59.77,1100699,Limnohabitans sp. 2KL-1
518,WP_032304460.1,WP_210824359.1,46.292,391,181,5,2,392,3,364,2.0800000000000002e-110,335.0,62.66,2610898,Hydrogenophaga aromaticivorans
519,WP_032304460.1,WP_114470870.1,40.639,438,250,3,1,429,6,442,2.48e-110,336.0,58.9,545864,Pseudorhodoferax soli
520,WP_032304460.1,WP_108379834.1,44.7,434,204,8,2,431,3,404,4.96e-110,334.0,58.99,1100726,Limnohabitans sp. WS1
521,WP_032304460.1,WP_056898837.1,40.046,437,248,5,2,427,6,439,3.83e-109,334.0,59.5,1736318,Pseudorhodoferax sp. Leaf274
522,WP_032304460.1,WP_021026195.1,46.891,386,174,5,2,387,3,357,4.740000000000001e-109,332.0,62.95,1055192,Comamonas sp. B-9
523,WP_032304460.1,WP_166308554.1,47.15,386,171,5,2,386,3,356,1.88e-108,330.0,61.92,2714924,Diaphorobacter sp. HDW4A
524,WP_032304460.1,WP_187598228.1,48.579,387,166,8,2,387,3,357,5.1499999999999996e-108,329.0,63.05,1715720,Diaphorobacter ruginosibacter
525,WP_032304460.1,WP_086911262.1,44.924,394,186,4,2,394,3,366,8.549999999999999e-108,328.0,60.41,553814,Acidovorax carolinensis
526,WP_032304460.1,WP_166067415.1,47.409,386,170,6,2,386,3,356,1.55e-107,328.0,62.18,2714925,Diaphorobacter sp. HDW4B
527,WP_032304460.1,WP_068175313.1,44.529,393,189,4,2,394,3,366,1.77e-107,327.0,62.34,65656,Hydrogenophaga taeniospiralis
528,WP_032304460.1,WP_184704556.1,45.897,390,178,5,2,390,3,360,3.35e-107,327.0,60.77,379895,Comamonas odontotermitis
529,WP_032304460.1,WP_012655586.1,43.707,437,204,9,2,431,3,404,1.7999999999999998e-106,325.0,58.81,721785,Acidovorax ebreus
530,WP_032304460.1,WP_135261238.1,39.45,436,249,7,1,425,11,442,1.9099999999999998e-106,327.0,59.4,204072,Ramlibacter henchirensis
531,WP_032304460.1,WP_063887637.1,39.31,435,250,6,2,425,6,437,2.47e-106,327.0,60.23,1736315,Pseudorhodoferax sp. Leaf265
532,WP_032304460.1,WP_087276650.1,45.596,386,179,5,2,387,3,357,6.9300000000000006e-105,321.0,62.18,1082851,Comamonas serinivorans
533,WP_032304460.1,WP_114971916.1,45.995,387,176,5,2,386,3,358,8.21e-105,321.0,61.24,2109322,Rhodoferax sp. OTU1
534,WP_032304460.1,WP_060987666.1,46.234,385,176,6,3,387,4,357,2.3e-104,320.0,61.04,47920,Acidovorax delafieldii
535,WP_032304460.1,WP_194942835.1,43.766,393,192,4,1,393,1,364,1.06e-103,318.0,60.31,1100719,Limnohabitans sp. Rim11
536,WP_032304460.1,WP_121422379.1,45.844,397,174,7,3,394,4,364,1.17e-103,318.0,60.2,2135633,Acidovorax sp. 94
537,WP_032304460.1,WP_028605620.1,44.643,392,186,4,2,393,3,363,2.0100000000000002e-103,317.0,59.69,219182,Ottowia thiooxydans
538,WP_032304460.1,WP_079365337.1,45.736,387,179,5,2,387,3,359,2.08e-102,315.0,61.76,1882399,Hydrogenophaga sp. H7
539,WP_032304460.1,WP_077333037.1,44.301,386,186,4,2,387,3,359,3.38e-102,314.0,60.1,1945864,Hydrogenophaga sp. A37
540,WP_032304460.1,WP_194770163.1,44.898,392,185,6,2,393,3,363,3.58e-102,314.0,60.71,2784387,Diaphorobacter sp. NR2-3-3-1
541,WP_032304460.1,WP_006297412.1,44.503,382,183,3,3,384,4,356,8.37e-102,313.0,58.9,80880,Hylemonella gracilis
542,WP_032304460.1,WP_210567928.1,42.239,393,198,3,2,394,3,366,2.75e-101,312.0,57.51,2822718,Acidovorax sp. JG5
543,WP_032304460.1,WP_182326281.1,44.961,387,178,7,3,387,4,357,5.02e-101,311.0,61.24,1562974,Comamonas piscis
544,WP_032304460.1,WP_107134062.1,45.153,392,182,8,2,392,3,362,8.53e-101,310.0,60.46,80867,Acidovorax avenae
545,WP_032304460.1,WP_073356172.1,44.872,390,174,6,3,387,16,369,1.33e-100,310.0,60.26,198706,Lampropedia hyalina
546,WP_032304460.1,WP_168921115.1,44.133,392,185,7,2,392,3,361,2.73e-99,306.0,59.44,37448,Polaromonas vacuolata
547,WP_032304460.1,WP_144732509.1,45.337,386,176,4,2,384,3,356,3.66e-99,306.0,59.07,2590786,Extensimonas perlucida
548,WP_032304460.1,WP_128098803.1,45.692,383,177,6,2,384,3,354,1.27e-98,305.0,59.01,80867,Acidovorax avenae
549,WP_032304460.1,WP_119012930.1,43.622,392,189,9,2,390,4,366,4.43e-98,304.0,61.22,80881,Simplicispira metamorpha
550,WP_032304460.1,WP_015012429.1,59.259,243,99,0,2,244,3,245,4.08e-97,301.0,73.66,358220,Acidovorax sp. KKS102
551,WP_032304460.1,WP_061500862.1,42.716,405,187,8,2,399,3,369,3.27e-96,299.0,57.78,94132,Ramlibacter tataouinensis
552,WP_032304460.1,WP_141508508.1,37.442,430,249,4,1,430,5,414,9.61e-96,298.0,57.91,1882741,Ramlibacter sp. WS9
553,WP_032304460.1,WP_037472934.1,40.098,409,208,8,2,407,9,383,1.2799999999999999e-95,298.0,58.68,80882,Simplicispira psychrophila
554,WP_032304460.1,WP_106683138.1,42.602,392,193,10,2,390,20,382,1.1099999999999999e-94,296.0,60.46,2109913,Melaminivora sp. SC2-9
555,WP_032304460.1,WP_141835270.1,39.427,454,244,10,2,431,6,452,4.4899999999999995e-90,285.0,55.29,1920191,Delftia sp. HK171
556,WP_032304460.1,WP_074931597.1,39.207,454,245,10,2,431,6,452,6.479999999999999e-90,284.0,55.29,180282,Delftia tsuruhatensis
557,WP_032304460.1,WP_114484393.1,37.418,457,253,9,1,431,5,454,5.28e-87,277.0,54.27,1031594,Extensimonas vulgaris
558,WP_032304460.1,WP_096913975.1,35.092,436,263,7,1,428,5,428,1.68e-86,275.0,56.42,80866,Delftia acidovorans
559,WP_032304460.1,WP_198819567.1,35.092,436,263,7,1,428,5,428,1.74e-86,275.0,56.42,80866,Delftia acidovorans
560,WP_032304460.1,WP_126310937.1,35.321,436,262,7,1,428,5,428,4.63e-86,273.0,55.73,80865,Delftia
561,WP_032304460.1,WP_084027313.1,35.321,436,262,7,1,428,5,428,8.27e-86,273.0,55.5,469553,Delftia sp. JD2
562,WP_032304460.1,WP_121729673.1,37.336,458,251,9,1,431,5,453,4.14e-84,269.0,52.84,2478662,Acidovorax sp. 1608163
563,WP_032304460.1,WP_198424343.1,33.333,423,260,5,1,415,17,425,8.209999999999999e-82,263.0,55.79,160825,Comamonas koreensis
564,WP_032304460.1,WP_008905260.1,35.886,457,257,8,1,431,5,451,1.08e-81,263.0,53.17,512030,Acidovorax sp. NO-1
565,WP_032304460.1,WP_193782118.1,36.028,433,255,9,3,425,9,429,1.61e-80,259.0,54.5,2780094,Ramlibacter aquaticus
566,WP_032304460.1,WP_099657979.1,38.043,460,246,11,1,431,5,454,1.9800000000000002e-80,260.0,52.39,2035205,Acidovorax sp. 56
567,WP_032304460.1,WP_201685331.1,37.093,399,220,5,1,391,6,381,9.36e-80,258.0,56.39,2801330,Ramlibacter sp. AW1
568,WP_032304460.1,WP_136573028.1,34.204,421,256,7,1,415,5,410,1.1000000000000001e-79,257.0,56.53,1330072,Lampropedia puyangensis
569,WP_032304460.1,WP_166302850.1,37.343,399,226,6,1,382,5,396,2.26e-79,256.0,56.64,2714924,Diaphorobacter sp. HDW4A
570,WP_032304460.1,WP_082615451.1,37.084,391,227,6,3,390,6,380,5.660000000000001e-79,255.0,56.01,1736505,Acidovorax sp. Root267
571,WP_032304460.1,WP_192425214.1,37.084,391,227,6,3,390,6,380,2.16e-78,254.0,55.5,2769311,Acidovorax sp. ACV01
572,WP_032304460.1,WP_158004145.1,36.829,391,228,6,3,390,6,380,2.71e-78,253.0,55.75,1736508,Acidovorax sp. Root275
573,WP_032304460.1,WP_116926410.1,38.035,397,222,9,3,387,11,395,3.72e-78,253.0,57.68,283,Comamonas
574,WP_032304460.1,WP_107128747.1,35.349,430,265,8,3,427,7,428,4.99e-78,253.0,54.88,80867,Acidovorax avenae
575,WP_032304460.1,WP_035198019.1,38.035,397,215,8,3,390,6,380,5.31e-78,253.0,56.17,758826,Acidovorax radicis
576,WP_032304460.1,WP_011797160.1,37.852,391,224,10,3,387,12,389,5.93e-78,252.0,57.03,80869,Acidovorax citrulli
577,WP_032304460.1,WP_027011394.1,37.531,397,224,9,3,387,11,395,1.11e-77,252.0,57.43,1055192,Comamonas sp. B-9
578,WP_032304460.1,WP_141509379.1,51.502,233,111,1,3,235,6,236,1.59e-77,251.0,67.38,1882741,Ramlibacter sp. WS9
579,WP_032304460.1,WP_194772177.1,36.842,399,231,5,1,382,5,399,2.5000000000000002e-77,251.0,55.39,2784387,Diaphorobacter sp. NR2-3-3-1
580,WP_032304460.1,WP_166070019.1,37.374,396,230,7,1,390,6,389,2.99e-77,251.0,56.31,2714925,Diaphorobacter sp. HDW4B
581,WP_032304460.1,WP_207373144.1,35.154,421,237,8,1,393,5,417,4.56e-77,251.0,54.39,80878,Acidovorax temperans
582,WP_032304460.1,WP_187078241.1,34.956,452,259,12,2,425,7,451,5.2100000000000005e-77,251.0,56.64,2764187,Ramlibacter sp. USB13
583,WP_032304460.1,WP_073354057.1,37.629,388,214,9,3,387,14,376,5.37e-77,249.0,57.47,198706,Lampropedia hyalina
584,WP_032304460.1,WP_035605076.1,35.347,447,260,10,1,423,6,447,7.46e-77,251.0,53.02,80880,Hylemonella gracilis
585,WP_032304460.1,WP_046059824.1,37.596,391,225,10,3,387,12,389,7.92e-77,249.0,56.78,80869,Acidovorax citrulli
586,WP_032304460.1,WP_180128926.1,35.238,420,249,9,3,410,5,413,1.19e-76,249.0,56.19,2576062,Rhodoferax sp. BLA1
587,WP_032304460.1,WP_182325624.1,49.785,233,115,2,3,235,11,241,1.23e-76,249.0,72.1,1562974,Comamonas piscis
588,WP_032304460.1,WP_133855774.1,38.168,393,223,11,3,387,13,393,1.31e-76,249.0,57.51,2485114,Comamonas sp. JUb58
589,WP_032304460.1,WP_107158688.1,35.338,399,229,4,1,391,6,383,2.29e-76,248.0,57.39,80867,Acidovorax avenae
590,WP_032304460.1,WP_110012481.1,38.303,389,215,9,1,387,8,373,4.18e-76,247.0,55.78,1165852,Melaminivora alkalimesophila
591,WP_032304460.1,WP_028602016.1,37.275,389,235,7,1,387,8,389,4.34e-76,248.0,55.53,219182,Ottowia thiooxydans
592,WP_032304460.1,WP_099743010.1,50.644,233,113,2,3,235,16,246,5.38e-76,248.0,69.1,2035203,Acidovorax sp. 62
593,WP_032304460.1,WP_184705628.1,48.76,242,116,3,3,238,12,251,1.26e-75,247.0,70.25,379895,Comamonas odontotermitis
594,WP_032304460.1,WP_007870187.1,39.216,357,188,6,1,349,5,340,1.43e-75,246.0,57.98,1144318,Polaromonas sp. CF318
595,WP_032304460.1,WP_139351762.1,36.93,417,237,9,1,408,5,404,1.9600000000000001e-75,246.0,56.59,1944133,Polaromonas sp. A23
596,WP_000905920.1,WP_104357764.1,43.611,360,200,2,26,382,11,370,1.41e-100,306.0,63.61,215580,Schlegelella thermodepolymerans
597,WP_000905920.1,WP_062190811.1,40.24,333,198,1,51,382,36,368,1.1099999999999999e-82,261.0,64.86,307483,Caldimonas taiwanensis
598,WP_000905920.1,WP_205245334.1,35.135,370,238,2,14,382,6,374,4.16e-80,254.0,60.81,225992,Comamonas kerstersii
599,WP_000905920.1,WP_077345617.1,34.865,370,239,2,14,382,2,370,1.3800000000000002e-79,253.0,60.54,225992,Comamonas kerstersii
600,WP_000905920.1,WP_019562181.1,39.701,335,199,1,51,382,36,370,1.41e-79,253.0,63.88,196015,Caldimonas manganoxidans
601,WP_000905920.1,WP_211371994.1,34.595,370,240,2,14,382,6,374,8.070000000000001e-79,251.0,60.27,225992,Comamonas kerstersii
602,WP_000905920.1,WP_207291211.1,34.595,370,240,2,14,382,6,374,1.61e-78,250.0,60.27,225992,Comamonas kerstersii
603,WP_000905920.1,WP_210607735.1,35.673,342,218,2,42,382,14,354,4.46e-77,246.0,61.4,225992,Comamonas kerstersii
604,WP_000905920.1,WP_076342690.1,34.831,356,229,2,30,382,12,367,3.11e-70,229.0,59.83,491919,Brachymonas chironomi
605,WP_000905920.1,WP_162989536.1,38.384,297,181,2,87,382,24,319,5.12e-63,209.0,60.27,2201272,Comamonas sp. lk
606,WP_000905920.1,WP_051303628.1,37.026,343,212,4,43,382,38,379,4.34e-62,208.0,59.48,408558,Comamonas composti
607,WP_000905920.1,WP_197022647.1,36.313,358,222,5,28,382,20,374,1.04e-61,207.0,59.22,225991,Comamonas aquatica
608,WP_000905920.1,WP_099736670.1,34.844,353,227,3,32,382,25,376,3.22e-60,203.0,58.07,2035201,Comamonas sp. 26
609,WP_000905920.1,WP_057092471.1,34.844,353,227,3,32,382,25,376,4.62e-60,202.0,58.07,363952,Comamonas thiooxydans
610,WP_000905920.1,WP_149357230.1,34.844,353,227,3,32,382,25,376,4.72e-60,202.0,58.36,285,Comamonas testosteroni
611,WP_000905920.1,WP_034362653.1,33.708,356,233,2,30,382,21,376,5.37e-60,202.0,58.43,283,Comamonas
612,WP_000905920.1,WP_034409730.1,35.014,357,227,4,30,382,21,376,1.0400000000000001e-59,202.0,58.26,363952,Comamonas thiooxydans
613,WP_000905920.1,WP_059440306.1,35.569,343,218,3,42,382,35,376,1.3e-59,201.0,58.6,364029,Comamonas sp. E6
614,WP_000905920.1,WP_039048962.1,35.014,357,227,4,30,382,21,376,1.5100000000000001e-59,201.0,57.98,283,Comamonas
615,WP_000905920.1,WP_063663064.1,35.014,357,227,4,30,382,21,376,1.6300000000000002e-59,201.0,57.98,363952,Comamonas thiooxydans
616,WP_000905920.1,WP_179626308.1,34.27,356,231,2,30,382,21,376,3.22e-59,201.0,57.87,2735902,Comamonas sp. B9U6D
617,WP_000905920.1,WP_003054140.1,34.27,356,231,2,30,382,21,376,3.66e-59,200.0,58.43,285,Comamonas testosteroni
618,WP_000905920.1,WP_182283104.1,35.014,357,227,4,30,382,21,376,4.07e-59,200.0,57.98,285,Comamonas testosteroni
619,WP_000905920.1,WP_053281640.1,33.523,352,233,1,32,382,25,376,4.67e-59,200.0,58.24,285,Comamonas testosteroni
620,WP_000905920.1,WP_135285467.1,31.18,356,242,3,28,382,16,369,5.41e-59,200.0,55.34,1781167,Ramlibacter rhizophilus
621,WP_000905920.1,WP_087082613.1,34.561,353,228,3,32,382,25,376,6.1000000000000005e-59,200.0,58.07,285,Comamonas testosteroni
622,WP_000905920.1,WP_202981150.1,35.196,358,226,5,28,382,20,374,7.8e-59,199.0,58.94,2605745,Comamonas sp. CAH-2
623,WP_000905920.1,WP_167002537.1,33.994,353,230,3,32,382,25,376,2.7700000000000002e-58,198.0,58.36,2608341,Comamonas sp. Tr-654
624,WP_000905920.1,WP_043003766.1,33.239,352,234,1,32,382,25,376,7.060000000000001e-58,197.0,57.67,285,Comamonas testosteroni
625,WP_000905920.1,WP_045839493.1,33.239,352,234,1,32,382,25,376,7.210000000000001e-58,197.0,57.67,363952,Comamonas thiooxydans
626,WP_000905920.1,WP_187427947.1,32.955,352,235,1,32,382,25,376,8.28e-58,197.0,57.67,2601247,Comamonas sp. Z3
627,WP_000905920.1,WP_087864439.1,35.574,357,225,4,30,382,21,376,9.71e-58,197.0,59.38,363952,Comamonas thiooxydans
628,WP_000905920.1,WP_034379451.1,33.994,353,230,3,32,382,25,376,1.09e-57,196.0,57.79,363952,Comamonas thiooxydans
629,WP_000905920.1,WP_034358187.1,33.428,353,232,3,32,382,25,376,1.78e-57,196.0,58.07,363952,Comamonas thiooxydans
630,WP_000905920.1,WP_012838761.1,35.294,357,226,4,30,382,21,376,1.98e-57,196.0,58.82,363952,Comamonas thiooxydans
631,WP_000905920.1,WP_211456628.1,33.711,353,231,3,32,382,25,376,3.59e-57,195.0,57.51,1812482,Comamonas sp. PE63
632,WP_000905920.1,WP_034368046.1,32.67,352,236,1,32,382,25,376,1.49e-56,194.0,57.95,285,Comamonas testosteroni
633,WP_000905920.1,WP_158387615.1,33.714,350,231,1,34,382,27,376,3.8100000000000003e-56,192.0,58.57,285,Comamonas testosteroni
634,WP_000905920.1,WP_052754990.1,29.275,386,252,4,5,382,56,428,1.52e-52,184.0,51.04,1610491,Lampropedia cohaerens
635,WP_000905920.1,WP_192671664.1,30.499,341,235,2,43,382,29,368,2.8e-52,182.0,58.36,2663806,Ramlibacter sp. OAE822
636,WP_000905920.1,WP_207226404.1,29.942,344,237,2,42,382,58,400,1.85e-50,178.0,55.52,1550736,Corticibacter populi
637,WP_000905920.1,WP_157046035.1,30.117,342,234,3,43,382,31,369,1.67e-49,175.0,55.56,296591,Polaromonas sp. JS666
638,WP_000905920.1,WP_104797214.1,28.28,343,242,3,43,382,45,386,2.37e-49,175.0,55.1,2094193,Limnohabitans sp. TS-CS-82
639,WP_000905920.1,WP_053175554.1,27.467,375,253,7,21,382,1,369,1.05e-35,138.0,49.87,540060,Limnohabitans planktonicus
640,WP_000905920.1,WP_193782230.1,26.575,365,261,5,21,382,9,369,4.9499999999999995e-34,134.0,49.86,2780094,Ramlibacter aquaticus
641,WP_000905920.1,WP_022775821.1,26.462,359,246,8,33,382,20,369,2.58e-33,132.0,48.75,1436290,Candidatus Symbiobacter mobilis
642,WP_000905920.1,WP_103737869.1,28.09,356,246,6,31,382,13,362,4.78e-33,131.0,49.72,1933219,Diaphorobacter sp. LR2014-1
643,WP_000905920.1,WP_050871652.1,25.07,355,260,4,31,382,33,384,4.4100000000000004e-32,129.0,50.42,285,Comamonas testosteroni
644,WP_000905920.1,WP_187078355.1,25.065,383,275,5,3,382,4,377,7.65e-32,128.0,46.48,2764187,Ramlibacter sp. USB13
645,WP_000905920.1,WP_176669132.1,24.866,374,269,5,12,382,1,365,9.300000000000001e-32,127.0,49.73,285,Comamonas testosteroni
646,WP_000905920.1,WP_104301207.1,28.032,371,247,9,24,382,22,384,9.55e-32,128.0,51.21,1452508,Zhizhongheella caldifontis
647,WP_000905920.1,WP_141567791.1,24.789,355,261,4,31,382,31,382,9.91e-32,128.0,50.42,285,Comamonas testosteroni
648,WP_000905920.1,WP_208458705.1,24.352,386,277,6,3,382,6,382,3.15e-31,126.0,48.7,2743470,Acidovorax antarcticus
649,WP_000905920.1,WP_187427600.1,24.789,355,261,4,31,382,18,369,3.15e-31,126.0,49.3,2601246,Comamonas sp. Z1
650,WP_000905920.1,WP_108420870.1,26.891,357,245,7,32,380,30,378,3.54e-30,124.0,47.62,1835767,Limnohabitans sp. MMS-10A-178
651,WP_000905920.1,WP_184277190.1,24.507,355,262,4,31,382,31,382,6.1899999999999995e-30,123.0,49.01,32040,Acidovorax konjaci
652,WP_000905920.1,WP_114656406.1,24.332,374,271,5,12,382,20,384,1.46e-28,119.0,49.47,1231053,Acidovorax sp. BoFeN1
653,WP_000905920.1,WP_169419605.1,24.507,355,262,4,31,382,17,368,1.52e-28,119.0,48.45,2728837,Ramlibacter sp. G-1-2-2
654,WP_000905920.1,WP_210545500.1,25.0,356,259,5,31,382,18,369,7.0799999999999995e-28,117.0,48.88,2822760,Rhodoferax sp. PAMC29310
655,WP_000905920.1,WP_210930831.1,25.073,343,251,4,43,382,30,369,5.6500000000000005e-27,114.0,49.56,225991,Comamonas aquatica
656,WP_000905920.1,WP_108379549.1,25.21,357,257,4,33,382,13,366,1.04e-26,114.0,49.02,1100726,Limnohabitans sp. WS1
657,WP_000905920.1,WP_155886568.1,23.38,355,266,4,31,382,29,380,1.09e-26,114.0,49.86,1276755,Acidovorax sp. JHL-3
658,WP_000905920.1,WP_172221152.1,23.944,355,258,5,33,381,20,368,7.27e-25,108.0,47.32,2735555,Caenimonas soli
659,WP_000905920.1,WP_108411873.1,21.493,335,239,9,45,366,50,373,2.19e-07,57.8,39.1,1977909,Limnohabitans sp. Jir72
660,WP_000905920.1,WP_108326746.1,24.066,241,164,6,141,377,134,359,8.06e-07,55.8,45.64,2626134,unclassified Limnohabitans
661,WP_000905920.1,WP_108406866.1,24.242,231,159,6,149,377,141,357,5.89e-06,53.1,46.75,1100704,Limnohabitans sp. 2KL-17
662,WP_000905920.1,WP_090143118.1,25.0,232,157,6,149,377,142,359,8.75e-06,52.8,46.55,1597955,Limnohabitans sp. DM1
663,WP_000905920.1,WP_053176298.1,25.0,232,157,6,149,377,142,359,1.29e-05,52.4,46.12,540060,Limnohabitans planktonicus
664,WP_000905920.1,WP_043371476.1,23.387,248,151,9,138,368,241,466,1.53e-05,52.4,45.56,285,Comamonas testosteroni
665,WP_000905920.1,WP_176064910.1,20.906,287,207,5,87,366,107,380,1.78e-05,52.0,43.21,2742824,Schlegelella koreensis
666,WP_000905920.1,WP_108373045.1,20.588,204,160,1,147,350,137,338,3.45e-05,50.8,45.1,1100724,Limnohabitans sp. T6-5
667,WP_000905920.1,WP_034359172.1,22.984,248,152,9,138,368,241,466,4.76e-05,50.8,45.56,283,Comamonas
668,WP_000905920.1,WP_011463536.1,24.675,231,158,8,149,377,140,356,7.94e-05,49.7,46.32,192843,Rhodoferax ferrireducens
669,WP_000905920.1,WP_210546255.1,24.576,236,164,6,143,377,142,364,0.000115,49.3,44.49,2822760,Rhodoferax sp. PAMC29310
670,WP_000905920.1,WP_029525634.1,22.685,216,150,5,149,358,249,453,0.000283,48.5,45.83,866564,Polaromonas glacialis
671,WP_000905920.1,WP_101103669.1,22.078,231,163,5,149,377,138,353,0.000502,47.4,44.16,183670,Macromonas bipunctata
672,WP_000905920.1,WP_108362709.1,23.504,234,158,7,149,377,141,358,0.000569,47.0,47.01,1977910,Limnohabitans sp. Bal53
673,WP_000905920.1,WP_105749318.1,23.967,242,158,7,141,377,139,359,0.00066,47.0,42.56,263067,Malikia granosa
674,WP_000905920.1,WP_062401851.1,22.167,203,151,3,149,351,140,335,0.00069,46.6,45.81,1678128,Limnohabitans sp. 63ED37-2
675,WP_000905920.1,WP_157256546.1,22.596,208,151,3,144,351,135,332,0.000815,46.6,43.75,1736430,Pelomonas sp. Root1217
676,WP_000905920.1,WP_089963055.1,21.387,346,240,10,45,377,56,382,0.001,45.8,39.31,2626134,unclassified Limnohabitans
677,WP_000905920.1,WP_105729896.1,22.078,231,163,4,149,377,144,359,0.002,45.4,44.16,86180,Malikia spinosa
678,WP_000905920.1,WP_161124519.1,23.377,231,160,5,149,377,144,359,0.002,45.4,43.29,86180,Malikia spinosa
679,WP_000905920.1,WP_056273554.1,21.086,313,167,7,129,366,104,411,0.002,45.4,39.3,2638132,unclassified Pelomonas
680,WP_000905920.1,WP_196864129.1,22.222,216,151,5,149,358,249,453,0.003,45.1,44.91,2638319,unclassified Polaromonas
681,WP_000905920.1,WP_117177175.1,21.302,338,224,12,12,334,1,311,0.003,44.3,44.38,2184758,Rhodoferax sp. IMCC26218
682,WP_000905920.1,WP_066475588.1,29.63,162,75,6,18,174,20,147,0.004,44.3,43.83,673548,Comamonas terrae
683,WP_000905920.1,WP_120971774.1,28.505,214,108,10,30,240,25,196,0.006,43.5,42.52,2201272,Comamonas sp. lk
684,WP_000905920.1,WP_019431305.1,22.335,197,140,4,149,342,141,327,0.006,43.9,47.72,1100721,Limnohabitans sp. Rim47
685,WP_000905920.1,WP_093160594.1,25.561,223,149,5,150,366,252,463,0.006,44.3,43.95,1882828,Variovorax sp. YR216
686,WP_000905920.1,WP_108300689.1,19.932,296,208,7,87,377,97,368,0.008,43.5,43.92,1835756,Limnohabitans sp. JirII-29
687,WP_000905920.1,WP_077036792.1,19.524,210,161,2,142,351,139,340,0.009,43.5,43.81,1855730,Pelomonas sp. KK5
688,WP_000905920.1,WP_082533035.1,22.907,227,160,5,141,365,125,338,0.009,43.1,42.73,1736434,Pelomonas sp. Root1237
689,WP_000905920.1,WP_158383707.1,30.22,182,86,9,30,209,34,176,0.01,42.7,43.96,285,Comamonas testosteroni
690,WP_000905920.1,WP_124540568.1,19.925,266,199,4,118,370,115,379,0.01,43.1,42.11,2496871,Geomonas soli
691,WP_000905920.1,WP_082580223.1,21.25,240,173,5,142,380,120,344,0.012,42.7,42.92,1736464,Pelomonas sp. Root1444
692,WP_000905920.1,WP_055803689.1,20.0,225,169,3,144,365,246,462,0.012,43.1,45.78,1736513,Variovorax sp. Root318D1
693,WP_000905920.1,WP_184529059.1,24.569,232,163,5,139,366,237,460,0.014,43.1,45.26,663243,unclassified Variovorax
694,WP_000905920.1,WP_106934508.1,23.784,185,130,3,192,373,301,477,0.017,42.7,45.95,663243,unclassified Variovorax
695,WP_000905920.1,WP_081268280.1,23.81,189,133,3,188,373,297,477,0.018,42.7,45.5,34073,Variovorax paradoxus
696,WP_001546114.1,WP_132765905.1,54.043,507,222,4,58,558,95,596,0.0,557.0,73.37,215580,Schlegelella thermodepolymerans
697,WP_001546114.1,WP_062190808.1,53.465,505,228,4,58,558,72,573,0.0,556.0,72.87,307483,Caldimonas taiwanensis
698,WP_001546114.1,WP_104357765.1,54.472,492,222,2,68,558,106,596,0.0,555.0,74.59,215580,Schlegelella thermodepolymerans
699,WP_001546114.1,WP_019562182.1,51.67,509,231,5,58,558,72,573,0.0,554.0,73.48,196015,Caldimonas manganoxidans
700,WP_001546114.1,WP_135285466.1,47.732,507,251,4,62,558,77,579,5.19e-165,485.0,68.05,1781167,Ramlibacter rhizophilus
701,WP_001546114.1,WP_084824853.1,47.817,504,250,4,64,558,100,599,1.04e-162,480.0,68.45,1610491,Lampropedia cohaerens
702,WP_001546114.1,WP_114070873.1,46.833,521,257,6,55,556,38,557,8.86e-160,471.0,65.64,225992,Comamonas kerstersii
703,WP_001546114.1,WP_210607734.1,47.887,497,252,4,66,556,62,557,1.79e-159,471.0,67.61,225992,Comamonas kerstersii
704,WP_001546114.1,WP_202788252.1,48.008,502,248,4,66,558,94,591,1.9e-159,472.0,66.33,2795732,Comamonas sp. NyZ500
705,WP_001546114.1,WP_039048961.1,48.008,502,248,4,66,558,94,591,2.03e-159,471.0,66.33,363952,Comamonas thiooxydans
706,WP_001546114.1,WP_134192578.1,47.686,497,253,4,66,556,17,512,1.17e-158,467.0,67.2,225992,Comamonas kerstersii
707,WP_001546114.1,WP_179626307.1,47.809,502,249,4,66,558,95,592,1.26e-158,469.0,66.33,2735902,Comamonas sp. B9U6D
708,WP_001546114.1,WP_063663062.1,47.809,502,249,4,66,558,95,592,1.42e-158,469.0,66.33,363952,Comamonas thiooxydans
709,WP_001546114.1,WP_034409728.1,47.809,502,249,4,66,558,94,591,1.7e-158,469.0,66.14,363952,Comamonas thiooxydans
710,WP_001546114.1,WP_059440305.1,47.809,502,249,4,66,558,94,591,1.92e-158,469.0,66.33,364029,Comamonas sp. E6
711,WP_001546114.1,WP_133936486.1,47.485,497,254,4,66,556,17,512,3.07e-158,466.0,67.2,225992,Comamonas kerstersii
712,WP_001546114.1,WP_034358184.1,47.809,502,249,4,66,558,95,592,4.23e-158,468.0,66.14,363952,Comamonas thiooxydans
713,WP_001546114.1,WP_120970995.1,48.8,500,247,4,66,558,94,591,4.98e-158,468.0,65.4,2201272,Comamonas sp. lk
714,WP_001546114.1,WP_151043657.1,47.485,497,254,4,66,556,17,512,5.06e-158,465.0,67.0,225992,Comamonas kerstersii
715,WP_001546114.1,WP_182283103.1,47.809,502,249,4,66,558,95,592,8.02e-158,468.0,66.14,285,Comamonas testosteroni
716,WP_001546114.1,WP_058879717.1,47.485,497,254,4,66,556,17,512,9.2e-158,464.0,67.0,225992,Comamonas kerstersii
717,WP_001546114.1,WP_087082616.1,47.61,502,250,4,66,558,94,591,1.05e-157,467.0,65.94,285,Comamonas testosteroni
718,WP_001546114.1,WP_057092470.1,47.809,502,249,4,66,558,94,591,1.73e-157,467.0,65.74,363952,Comamonas thiooxydans
719,WP_001546114.1,WP_154165027.1,48.0,500,253,4,65,558,25,523,2.1600000000000002e-157,464.0,67.0,2605745,Comamonas sp. CAH-2
720,WP_001546114.1,WP_148729542.1,47.809,502,249,4,66,558,95,592,2.7000000000000003e-157,466.0,65.74,2601247,Comamonas sp. Z3
721,WP_001546114.1,WP_011485796.1,45.941,505,257,5,66,558,103,603,2.8600000000000003e-157,466.0,67.72,296591,Polaromonas sp. JS666
722,WP_001546114.1,WP_043003817.1,47.809,502,249,4,66,558,93,590,3.4300000000000004e-157,466.0,65.74,285,Comamonas testosteroni
723,WP_001546114.1,WP_034368042.1,47.809,502,249,4,66,558,99,596,4.39e-157,466.0,65.94,285,Comamonas testosteroni
724,WP_001546114.1,WP_043373430.1,47.61,502,250,4,66,558,95,592,4.96e-157,466.0,65.74,285,Comamonas testosteroni
725,WP_001546114.1,WP_169335111.1,47.59,498,255,4,66,558,74,570,5e-157,465.0,66.27,491919,Brachymonas chironomi
726,WP_001546114.1,WP_190275131.1,47.809,502,249,4,66,558,95,592,5.1200000000000006e-157,466.0,65.54,285,Comamonas testosteroni
727,WP_001546114.1,WP_051519510.1,47.896,499,253,4,66,558,26,523,5.4300000000000006e-157,463.0,66.73,225991,Comamonas aquatica
728,WP_001546114.1,WP_053281641.1,47.809,502,249,4,66,558,94,591,7.170000000000001e-157,465.0,65.54,285,Comamonas testosteroni
729,WP_001546114.1,WP_205244578.1,47.61,502,250,4,66,558,94,591,8.170000000000001e-157,465.0,65.74,2608341,Comamonas sp. Tr-654
730,WP_001546114.1,WP_099737924.1,47.012,502,253,4,66,558,17,514,1.75e-156,461.0,65.94,2035201,Comamonas sp. 26
731,WP_001546114.1,WP_045839492.1,47.41,502,251,4,66,558,94,591,1.8e-156,464.0,66.14,363952,Comamonas thiooxydans
732,WP_001546114.1,WP_211456627.1,47.4,500,254,4,66,558,94,591,6.270000000000001e-156,462.0,65.8,1812482,Comamonas sp. PE63
733,WP_001546114.1,WP_192671663.1,46.414,502,256,4,66,558,92,589,1.22e-155,462.0,66.53,2663806,Ramlibacter sp. OAE822
734,WP_001546114.1,WP_034379449.1,47.41,502,251,4,66,558,94,591,1.53e-155,462.0,65.34,363952,Comamonas thiooxydans
735,WP_001546114.1,WP_122231875.1,47.094,499,257,4,66,558,96,593,4.75e-155,461.0,67.33,1550736,Corticibacter populi
736,WP_001546114.1,WP_087864438.1,47.012,502,253,4,66,558,62,559,1.62e-153,455.0,65.34,363952,Comamonas thiooxydans
737,WP_001546114.1,WP_041744191.1,47.012,502,253,4,66,558,76,573,4.05e-153,455.0,65.34,363952,Comamonas thiooxydans
738,WP_001546114.1,WP_080554205.1,47.012,502,253,4,66,558,95,592,6.58e-151,450.0,66.33,283,Comamonas
739,WP_001546114.1,WP_104797215.1,44.6,500,269,5,66,558,81,579,1.4e-148,443.0,65.6,2094193,Limnohabitans sp. TS-CS-82
740,WP_001546114.1,WP_158387617.1,46.414,502,256,4,66,558,97,594,1.09e-145,436.0,65.74,285,Comamonas testosteroni
741,WP_001546114.1,WP_084455380.1,48.895,362,184,1,58,419,67,427,5.4599999999999996e-114,351.0,66.57,408558,Comamonas composti
742,WP_001546114.1,WP_195797645.1,28.063,506,321,14,90,558,141,640,1.48e-46,177.0,48.62,2714952,Kinneretia sp. DAIF2
743,WP_001546114.1,WP_083748974.1,27.644,539,341,14,61,558,129,659,1.51e-44,172.0,47.5,1855730,Pelomonas sp. KK5
744,WP_001546114.1,WP_133604376.1,27.337,567,362,18,29,558,95,648,9.41e-44,169.0,47.27,582607,Kinneretia asaccharophila
745,WP_001546114.1,WP_162250867.1,27.599,529,341,14,67,558,99,622,1.2400000000000001e-43,169.0,46.88,1736430,Pelomonas sp. Root1217
746,WP_001546114.1,WP_199595460.1,27.736,530,339,16,67,558,121,644,3.0600000000000003e-43,168.0,47.55,2663801,Pelomonas sp. OAE585
747,WP_001546114.1,WP_162247869.1,26.877,506,327,14,90,558,148,647,4.1699999999999996e-39,156.0,46.44,1736434,Pelomonas sp. Root1237
748,WP_001546114.1,WP_165917726.1,27.559,508,322,14,89,558,127,626,1.31e-38,154.0,47.83,304,Pelomonas saccharophila
749,WP_001546114.1,WP_082580224.1,28.205,507,319,14,90,558,122,621,2.09e-38,154.0,46.94,1736464,Pelomonas sp. Root1444
750,WP_001546114.1,WP_144397228.1,27.011,522,307,16,90,558,168,668,6.489999999999999e-38,153.0,45.98,431059,Pelomonas puraquae
751,WP_001546114.1,WP_056273805.1,27.505,509,323,14,89,558,87,588,1.05e-37,151.0,46.37,2638132,unclassified Pelomonas
752,WP_001546114.1,WP_147385112.1,27.451,510,320,15,90,558,165,665,6.5e-36,147.0,46.47,2135721,Pelomonas sp. BT06
753,WP_001546114.1,WP_202428073.1,26.458,480,294,15,68,495,66,538,1.34e-26,119.0,45.0,86180,Malikia spinosa
754,WP_001546114.1,WP_105729910.1,25.417,480,299,14,68,495,11,483,7.23e-26,117.0,44.79,86180,Malikia spinosa
755,WP_001546114.1,WP_108414810.1,26.096,456,289,17,69,495,12,448,2.89e-24,112.0,46.49,1977909,Limnohabitans sp. Jir72
756,WP_001546114.1,WP_108373043.1,25.696,467,301,15,68,506,144,592,7.27e-24,111.0,44.75,1100724,Limnohabitans sp. T6-5
757,WP_001546114.1,WP_108373043.1,27.523,218,122,8,366,552,581,793,7.09e-07,57.8,46.33,1100724,Limnohabitans sp. T6-5
758,WP_001546114.1,WP_108373015.1,23.488,562,354,16,11,516,38,579,8.44e-24,111.0,43.24,1100724,Limnohabitans sp. T6-5
759,WP_001546114.1,WP_108373015.1,26.126,222,132,7,366,558,558,776,3.95e-05,52.0,45.95,1100724,Limnohabitans sp. T6-5
760,WP_001546114.1,WP_090139156.1,24.74,481,288,15,68,506,134,582,1.66e-23,110.0,44.28,1597955,Limnohabitans sp. DM1
761,WP_001546114.1,WP_090139156.1,25.339,221,135,6,366,558,571,789,1.25e-05,53.5,45.7,1597955,Limnohabitans sp. DM1
762,WP_001546114.1,WP_158273284.1,31.034,203,135,4,68,267,18,218,1.8499999999999998e-23,110.0,54.68,2626134,unclassified Limnohabitans
763,WP_001546114.1,WP_158273284.1,28.244,262,165,7,313,551,399,660,4.51e-15,83.6,44.66,2626134,unclassified Limnohabitans
764,WP_001546114.1,WP_105749338.1,25.052,479,302,14,68,495,11,483,4.9399999999999994e-23,108.0,44.05,263067,Malikia granosa
765,WP_001546114.1,WP_105749338.1,27.132,258,155,9,333,558,449,705,0.0004,48.9,44.19,263067,Malikia granosa
766,WP_001546114.1,WP_104799664.1,26.17,470,273,16,90,495,146,605,1.5100000000000001e-22,107.0,43.19,2094193,Limnohabitans sp. TS-CS-82
767,WP_001546114.1,WP_104799664.1,26.255,259,155,10,333,558,571,826,1.05e-09,66.6,46.72,2094193,Limnohabitans sp. TS-CS-82
768,WP_001546114.1,WP_053176299.1,24.364,472,301,15,68,506,134,582,1.77e-22,107.0,44.49,540060,Limnohabitans planktonicus
769,WP_001546114.1,WP_053176299.1,27.027,222,130,7,366,558,571,789,4.11e-05,52.0,45.05,540060,Limnohabitans planktonicus
770,WP_001546114.1,WP_101101522.1,23.84,474,294,15,68,495,53,505,3.15e-22,106.0,45.15,183670,Macromonas bipunctata
771,WP_001546114.1,WP_101101522.1,27.027,259,154,7,333,558,471,727,8.33e-10,67.0,44.02,183670,Macromonas bipunctata
772,WP_001546114.1,WP_045532974.1,24.781,456,290,16,68,492,11,444,5.31e-22,105.0,43.64,1458425,Serpentinomonas raichei
773,WP_001546114.1,WP_162911005.1,29.72,286,181,10,64,334,119,399,8.39e-22,105.0,51.05,2259674,Calidifontimicrobium sediminis
774,WP_001546114.1,WP_162911005.1,26.641,259,152,9,333,555,570,826,3.26e-11,71.6,45.56,2259674,Calidifontimicrobium sediminis
775,WP_001546114.1,WP_194944927.1,30.841,214,145,3,68,280,39,250,8.95e-22,101.0,50.93,1100700,Limnohabitans sp. 2KL-3
776,WP_001546114.1,WP_158270635.1,27.241,290,186,5,13,280,26,312,1.0100000000000002e-21,104.0,47.59,1977910,Limnohabitans sp. Bal53
777,WP_001546114.1,WP_158270635.1,25.472,212,129,5,375,558,547,757,1.42e-06,56.6,46.7,1977910,Limnohabitans sp. Bal53
778,WP_001546114.1,WP_187081816.1,24.145,468,307,14,68,506,117,565,1.35e-21,104.0,44.66,2079448,Ramlibacter sp. GTP1
779,WP_001546114.1,WP_187081816.1,24.413,213,130,6,375,558,563,773,1.68e-05,53.1,44.13,2079448,Ramlibacter sp. GTP1
780,WP_001546114.1,WP_146182748.1,28.922,204,138,5,68,267,119,319,1.6700000000000002e-21,103.0,57.35,1977909,Limnohabitans sp. Jir72
781,WP_001546114.1,WP_146182748.1,25.475,263,173,7,313,552,508,770,2.29e-12,75.1,46.39,1977909,Limnohabitans sp. Jir72
782,WP_001546114.1,WP_119354246.1,25.2,500,292,21,64,495,119,604,2.19e-21,103.0,44.2,2259674,Calidifontimicrobium sediminis
783,WP_001546114.1,WP_119354246.1,26.255,259,153,9,333,555,570,826,2.49e-10,68.9,45.17,2259674,Calidifontimicrobium sediminis
784,WP_001546114.1,WP_090143140.1,24.153,472,302,14,68,506,107,555,2.5500000000000004e-21,103.0,44.7,1597955,Limnohabitans sp. DM1
785,WP_001546114.1,WP_090143140.1,27.523,218,122,8,366,552,544,756,9.26e-07,57.4,45.87,1597955,Limnohabitans sp. DM1
786,WP_001546114.1,WP_089956436.1,31.308,214,144,3,68,280,136,347,6.240000000000001e-21,102.0,50.47,1100700,Limnohabitans sp. 2KL-3
787,WP_001546114.1,WP_089956436.1,23.849,239,150,8,350,558,556,792,2.15e-06,56.2,47.7,1100700,Limnohabitans sp. 2KL-3
788,WP_001546114.1,WP_108379249.1,30.841,214,145,3,68,280,136,347,7.26e-21,102.0,50.93,1100726,Limnohabitans sp. WS1
789,WP_001546114.1,WP_108379249.1,24.268,239,149,8,350,558,556,792,5.23e-07,58.2,48.12,1100726,Limnohabitans sp. WS1
790,WP_001546114.1,WP_146183932.1,24.837,459,294,15,68,495,139,577,1.32e-20,101.0,43.79,2626134,unclassified Limnohabitans
791,WP_001546114.1,WP_146183932.1,25.822,213,127,7,375,558,586,796,2.1e-08,62.8,47.89,2626134,unclassified Limnohabitans
792,WP_001546114.1,WP_092939240.1,32.632,190,121,5,64,248,7,194,2.98e-20,100.0,55.26,1177982,Acidovorax wautersii
793,WP_001546114.1,WP_092939240.1,25.391,256,157,8,333,555,424,678,0.011,44.3,43.36,1177982,Acidovorax wautersii
794,WP_001546114.1,WP_011464958.1,28.505,214,150,3,68,280,142,353,3.05e-20,100.0,52.34,192843,Rhodoferax ferrireducens
795,WP_001546114.1,WP_011464958.1,25.701,214,123,8,375,558,640,847,3.49e-08,62.0,47.66,192843,Rhodoferax ferrireducens
796,WP_001546114.1,WP_100133898.1,25.205,488,274,16,90,495,93,571,4.11e-20,99.8,41.19,1100707,Limnohabitans sp. B9-3
797,WP_001546114.1,WP_100133898.1,25.483,259,157,9,333,558,537,792,2e-09,65.9,45.56,1100707,Limnohabitans sp. B9-3
798,WP_001546114.1,WP_124540567.1,30.093,216,146,5,68,280,117,330,9.64e-20,98.6,52.31,2496871,Geomonas soli
799,WP_001546114.1,WP_124540567.1,26.459,257,156,10,333,558,558,812,5.57e-11,70.9,47.08,2496871,Geomonas soli
800,WP_001546114.1,WP_176064909.1,26.421,299,202,9,68,354,130,422,2.61e-19,97.4,48.49,2742824,Schlegelella koreensis
801,WP_001546114.1,WP_176064909.1,28.125,160,91,7,422,558,704,862,0.000106,50.8,45.62,2742824,Schlegelella koreensis
802,WP_001546114.1,WP_186511225.1,29.655,290,177,13,90,366,164,439,5.4e-19,96.3,48.62,2596921,Caenimonas sp. HX-9-20
803,WP_001546114.1,WP_186511225.1,25.806,279,165,9,312,551,602,877,5.05e-12,74.3,46.24,2596921,Caenimonas sp. HX-9-20
804,WP_001546114.1,WP_155820590.1,23.516,455,304,14,69,495,118,556,1.05e-18,95.5,44.4,1100721,Limnohabitans sp. Rim47
805,WP_001546114.1,WP_155820590.1,22.648,287,177,10,314,558,497,780,0.000816,47.8,44.6,1100721,Limnohabitans sp. Rim47
806,WP_001546114.1,WP_210547453.1,22.976,457,304,12,68,495,11,448,2.93e-18,93.6,43.54,2822760,Rhodoferax sp. PAMC29310
807,WP_001546114.1,WP_158269443.1,31.25,192,129,3,90,280,148,337,2.02e-17,91.3,51.04,1835756,Limnohabitans sp. JirII-29
808,WP_001546114.1,WP_158269443.1,27.757,263,151,10,331,558,622,880,1.25e-10,69.7,47.53,1835756,Limnohabitans sp. JirII-29
809,WP_001546114.1,WP_100147521.1,25.915,355,207,11,90,411,146,477,6.17e-15,83.6,42.54,1977908,Limnohabitans sp. JirII-31
810,WP_001546114.1,WP_100147521.1,28.244,262,151,11,331,558,604,862,2.67e-11,72.0,47.71,1977908,Limnohabitans sp. JirII-31
811,WP_001546114.1,WP_117177173.1,28.095,210,133,5,68,268,53,253,6.55e-15,83.2,50.48,2184758,Rhodoferax sp. IMCC26218
812,WP_001546114.1,WP_117177173.1,29.63,135,79,4,439,558,588,721,0.013,43.9,45.93,2184758,Rhodoferax sp. IMCC26218
813,WP_001546114.1,WP_062407446.1,22.955,440,277,13,91,495,35,447,1.34e-13,79.0,42.27,1678128,Limnohabitans sp. 63ED37-2
814,WP_001546114.1,WP_062407446.1,23.223,211,135,6,375,558,456,666,0.002,47.0,45.97,1678128,Limnohabitans sp. 63ED37-2
815,WP_001546114.1,WP_104303941.1,27.461,193,134,6,90,278,25,215,1.75e-08,60.8,49.74,1452508,Zhizhongheella caldifontis
816,WP_001546114.1,WP_198150842.1,28.902,173,118,5,90,258,24,195,3.09e-08,60.1,50.87,196013,Caldimonas
817,WP_001546114.1,WP_066265880.1,34.234,111,71,2,91,200,28,137,6.22e-08,57.8,53.15,65655,Hydrogenophaga palleronii
818,WP_001546114.1,WP_193387941.1,30.833,120,81,1,82,201,45,162,1.54e-07,57.8,50.83,1450524,Caenimonas sp. SL110
819,WP_001546114.1,WP_201166506.1,33.333,111,72,2,91,200,27,136,2.27e-07,56.2,53.15,502333,Ramlibacter ginsenosidimutans
820,WP_001546114.1,WP_141512947.1,26.486,185,131,4,76,257,55,237,7.49e-07,55.8,45.41,1882741,Ramlibacter sp. WS9
821,WP_001546114.1,WP_193781265.1,25.714,245,160,10,90,322,62,296,1.09e-06,55.8,45.31,2780094,Ramlibacter aquaticus
822,WP_001546114.1,WP_142814089.1,25.62,242,160,8,96,323,63,298,1.15e-06,55.8,43.39,2509614,Rhodoferax sediminis
823,WP_001546114.1,WP_169426581.1,25.108,231,141,8,89,302,2,217,1.38e-06,55.1,44.59,86182,Curvibacter lanceolatus
